timestamp,algorithm,packet_loss_percent,base_delay_ms,jitter_ms,trial_number,success,handshake_time_ms,error_reason
2026-04-25T12:27:51.765404,ECC_TLS,0,50,0,1,1,591.967,
2026-04-25T12:27:52.465367,ECC_TLS,0,50,0,2,1,594.609,
2026-04-25T12:27:53.226316,ECC_TLS,0,50,0,3,1,623.656,
2026-04-25T12:27:53.941287,ECC_TLS,0,50,0,4,1,611.186,
2026-04-25T12:27:54.657886,ECC_TLS,0,50,0,5,1,611.795,
2026-04-25T12:27:55.365852,ECC_TLS,0,50,0,6,1,603.893,
2026-04-25T12:27:56.033019,ECC_TLS,0,50,0,7,1,564.767,
2026-04-25T12:27:56.661709,ECC_TLS,0,50,0,8,1,522.345,
2026-04-25T12:27:57.292249,ECC_TLS,0,50,0,9,1,526.495,
2026-04-25T12:27:57.999290,ECC_TLS,0,50,0,10,1,587.426,
2026-04-25T12:27:58.691285,ECC_TLS,0,50,0,11,1,587.827,
2026-04-25T12:27:59.382573,ECC_TLS,0,50,0,12,1,575.595,
2026-04-25T12:28:00.212589,ECC_TLS,0,50,0,13,1,727.101,
2026-04-25T12:28:00.914492,ECC_TLS,0,50,0,14,1,597.716,
2026-04-25T12:28:01.610964,ECC_TLS,0,50,0,15,1,592.767,
2026-04-25T12:28:02.333813,ECC_TLS,0,50,0,16,1,609.943,
2026-04-25T12:28:03.028804,ECC_TLS,0,50,0,17,1,583.492,
2026-04-25T12:28:03.741344,ECC_TLS,0,50,0,18,1,608.881,
2026-04-25T12:28:04.431528,ECC_TLS,0,50,0,19,1,586.394,
2026-04-25T12:28:05.215175,ECC_TLS,0,50,0,20,1,679.548,
2026-04-25T12:28:06.003343,ECC_TLS,0,50,0,21,1,676.901,
2026-04-25T12:28:06.755464,ECC_TLS,0,50,0,22,1,619.573,
2026-04-25T12:28:07.404395,ECC_TLS,0,50,0,23,1,544.521,
2026-04-25T12:28:08.040686,ECC_TLS,0,50,0,24,1,530.497,
2026-04-25T12:28:08.675544,ECC_TLS,0,50,0,25,1,527.257,
2026-04-25T12:28:09.315864,ECC_TLS,0,50,0,26,1,537.008,
2026-04-25T12:28:09.956434,ECC_TLS,0,50,0,27,1,535.53,
2026-04-25T12:28:10.589378,ECC_TLS,0,50,0,28,1,529.481,
2026-04-25T12:28:11.262997,ECC_TLS,0,50,0,29,1,565.029,
2026-04-25T12:28:11.977561,ECC_TLS,0,50,0,30,1,610.134,
2026-04-25T12:28:12.969014,ECC_TLS,0,50,20,1,1,543.866,
2026-04-25T12:28:13.563170,ECC_TLS,0,50,20,2,1,481.851,
2026-04-25T12:28:14.209849,ECC_TLS,0,50,20,3,1,542.773,
2026-04-25T12:28:14.854998,ECC_TLS,0,50,20,4,1,540.995,
2026-04-25T12:28:15.589558,ECC_TLS,0,50,20,5,1,631.514,
2026-04-25T12:28:16.220459,ECC_TLS,0,50,20,6,1,525.228,
2026-04-25T12:28:16.859319,ECC_TLS,0,50,20,7,1,512.045,
2026-04-25T12:28:17.570711,ECC_TLS,0,50,20,8,1,605.506,
2026-04-25T12:28:18.214704,ECC_TLS,0,50,20,9,1,538.682,
2026-04-25T12:28:18.817501,ECC_TLS,0,50,20,10,1,499.672,
2026-04-25T12:28:19.445905,ECC_TLS,0,50,20,11,1,524.781,
2026-04-25T12:28:20.892649,ECC_TLS,0,50,20,12,1,1335.689,
2026-04-25T12:28:21.913587,ECC_TLS,0,50,20,13,1,917.057,
2026-04-25T12:28:22.586808,ECC_TLS,0,50,20,14,1,560.085,
2026-04-25T12:28:23.149648,ECC_TLS,0,50,20,15,1,458.837,
2026-04-25T12:28:23.796629,ECC_TLS,0,50,20,16,1,536.189,
2026-04-25T12:28:24.497936,ECC_TLS,0,50,20,17,1,596.146,
2026-04-25T12:28:25.424286,ECC_TLS,0,50,20,18,1,813.014,
2026-04-25T12:28:26.051884,ECC_TLS,0,50,20,19,1,522.472,
2026-04-25T12:28:26.758484,ECC_TLS,0,50,20,20,1,567.93,
2026-04-25T12:28:27.746048,ECC_TLS,0,50,20,21,1,881.239,
2026-04-25T12:28:28.539437,ECC_TLS,0,50,20,22,1,686.185,
2026-04-25T12:28:29.515411,ECC_TLS,0,50,20,23,1,867.74,
2026-04-25T12:28:30.438945,ECC_TLS,0,50,20,24,1,818.007,
2026-04-25T12:28:31.420312,ECC_TLS,0,50,20,25,1,875.097,
2026-04-25T12:28:32.195942,ECC_TLS,0,50,20,26,1,671.144,
2026-04-25T12:28:33.090556,ECC_TLS,0,50,20,27,1,765.18,
2026-04-25T12:28:34.123921,ECC_TLS,0,50,20,28,1,916.118,
2026-04-25T12:28:35.033070,ECC_TLS,0,50,20,29,1,795.83,
2026-04-25T12:28:35.750347,ECC_TLS,0,50,20,30,1,611.902,
2026-04-25T12:28:37.040112,ECC_TLS,0,50,50,1,1,829.094,
2026-04-25T12:28:37.716390,ECC_TLS,0,50,50,2,1,567.564,
2026-04-25T12:28:38.661816,ECC_TLS,0,50,50,3,1,840.949,
2026-04-25T12:28:39.487555,ECC_TLS,0,50,50,4,1,721.056,
2026-04-25T12:28:40.147893,ECC_TLS,0,50,50,5,1,546.813,
2026-04-25T12:28:41.026575,ECC_TLS,0,50,50,6,1,772.957,
2026-04-25T12:28:42.106732,ECC_TLS,0,50,50,7,1,973.594,
2026-04-25T12:28:42.720228,ECC_TLS,0,50,50,8,1,507.962,
2026-04-25T12:28:43.546070,ECC_TLS,0,50,50,9,1,717.76,
2026-04-25T12:28:44.221254,ECC_TLS,0,50,50,10,1,569.373,
2026-04-25T12:28:44.953549,ECC_TLS,0,50,50,11,1,627.665,
2026-04-25T12:28:45.580706,ECC_TLS,0,50,50,12,1,520.751,
2026-04-25T12:28:46.319610,ECC_TLS,0,50,50,13,1,617.095,
2026-04-25T12:28:47.198973,ECC_TLS,0,50,50,14,1,772.794,
2026-04-25T12:28:47.998605,ECC_TLS,0,50,50,15,1,690.947,
2026-04-25T12:28:48.888651,ECC_TLS,0,50,50,16,1,776.651,
2026-04-25T12:28:49.550277,ECC_TLS,0,50,50,17,1,551.837,
2026-04-25T12:28:50.502007,ECC_TLS,0,50,50,18,1,821.653,
2026-04-25T12:28:51.106591,ECC_TLS,0,50,50,19,1,494.936,
2026-04-25T12:28:51.924386,ECC_TLS,0,50,50,20,1,647.94,
2026-04-25T12:28:52.725195,ECC_TLS,0,50,50,21,1,693.515,
2026-04-25T12:28:53.791323,ECC_TLS,0,50,50,22,1,955.481,
2026-04-25T12:28:54.395450,ECC_TLS,0,50,50,23,1,499.307,
2026-04-25T12:28:55.223092,ECC_TLS,0,50,50,24,1,721.94,
2026-04-25T12:28:55.857882,ECC_TLS,0,50,50,25,1,525.11,
2026-04-25T12:28:56.677016,ECC_TLS,0,50,50,26,1,712.998,
2026-04-25T12:28:57.155328,ECC_TLS,0,50,50,27,1,374.932,
2026-04-25T12:28:57.836276,ECC_TLS,0,50,50,28,1,577.419,
2026-04-25T12:28:58.643712,ECC_TLS,0,50,50,29,1,701.191,
2026-04-25T12:28:59.296960,ECC_TLS,0,50,50,30,1,548.968,
2026-04-25T12:29:00.268536,ECC_TLS,1,50,0,1,1,524.365,
2026-04-25T12:29:01.302181,ECC_TLS,1,50,0,2,1,927.654,
2026-04-25T12:29:01.927033,ECC_TLS,1,50,0,3,1,521.325,
2026-04-25T12:29:02.550801,ECC_TLS,1,50,0,4,1,518.333,
2026-04-25T12:29:03.282262,ECC_TLS,1,50,0,5,1,624.893,
2026-04-25T12:29:03.911731,ECC_TLS,1,50,0,6,1,526.805,
2026-04-25T12:29:04.534996,ECC_TLS,1,50,0,7,1,519.405,
2026-04-25T12:29:06.732931,ECC_TLS,1,50,0,8,1,2092.489,
2026-04-25T12:29:07.592953,ECC_TLS,1,50,0,9,1,731.968,
2026-04-25T12:29:08.235035,ECC_TLS,1,50,0,10,1,533.764,
2026-04-25T12:29:08.879746,ECC_TLS,1,50,0,11,1,539.768,
2026-04-25T12:29:09.652867,ECC_TLS,1,50,0,12,1,663.539,
2026-04-25T12:29:10.776563,ECC_TLS,1,50,0,13,1,1012.292,
2026-04-25T12:29:11.414666,ECC_TLS,1,50,0,14,1,529.772,
2026-04-25T12:29:12.432336,ECC_TLS,1,50,0,15,1,825.438,
2026-04-25T12:29:13.251897,ECC_TLS,1,50,0,16,1,683.176,
2026-04-25T12:29:14.215558,ECC_TLS,1,50,0,17,1,824.642,
2026-04-25T12:29:15.335340,ECC_TLS,1,50,0,18,1,992.716,
2026-04-25T12:29:16.253199,ECC_TLS,1,50,0,19,1,726.731,
2026-04-25T12:29:16.887944,ECC_TLS,1,50,0,20,1,530.233,
2026-04-25T12:29:17.888030,ECC_TLS,1,50,0,21,1,844.062,
2026-04-25T12:29:18.974203,ECC_TLS,1,50,0,22,1,962.786,
2026-04-25T12:29:19.613025,ECC_TLS,1,50,0,23,1,530.758,
2026-04-25T12:29:20.368116,ECC_TLS,1,50,0,24,1,533.758,
2026-04-25T12:29:21.593390,ECC_TLS,1,50,0,25,1,1011.247,
2026-04-25T12:29:22.544263,ECC_TLS,1,50,0,26,1,841.866,
2026-04-25T12:29:24.172386,ECC_TLS,1,50,0,27,1,1498.276,
2026-04-25T12:29:25.068090,ECC_TLS,1,50,0,28,1,789.332,
2026-04-25T12:29:25.955771,ECC_TLS,1,50,0,29,1,744.341,
2026-04-25T12:29:26.906412,ECC_TLS,1,50,0,30,1,799.573,
2026-04-25T12:29:28.135673,ECC_TLS,1,50,20,1,1,779.471,
2026-04-25T12:29:28.905503,ECC_TLS,1,50,20,2,1,661.003,
2026-04-25T12:29:29.569742,ECC_TLS,1,50,20,3,1,557.669,
2026-04-25T12:29:30.475129,ECC_TLS,1,50,20,4,1,644.695,
2026-04-25T12:29:32.277232,ECC_TLS,1,50,20,5,1,1696.64,
2026-04-25T12:29:32.942354,ECC_TLS,1,50,20,6,1,561.35,
2026-04-25T12:29:33.641414,ECC_TLS,1,50,20,7,1,587.933,
2026-04-25T12:29:34.309830,ECC_TLS,1,50,20,8,1,560.823,
2026-04-25T12:29:35.112610,ECC_TLS,1,50,20,9,1,696.67,
2026-04-25T12:29:35.850451,ECC_TLS,1,50,20,10,1,621.501,
2026-04-25T12:29:36.659924,ECC_TLS,1,50,20,11,1,703.577,
2026-04-25T12:29:37.553487,ECC_TLS,1,50,20,12,1,700.123,
2026-04-25T12:29:38.219638,ECC_TLS,1,50,20,13,1,560.115,
2026-04-25T12:29:38.890755,ECC_TLS,1,50,20,14,1,557.493,
2026-04-25T12:29:39.538253,ECC_TLS,1,50,20,15,1,541.203,
2026-04-25T12:29:40.310642,ECC_TLS,1,50,20,16,1,655.727,
2026-04-25T12:29:41.121346,ECC_TLS,1,50,20,17,1,689.565,
2026-04-25T12:29:41.885396,ECC_TLS,1,50,20,18,1,633.511,
2026-04-25T12:29:42.520834,ECC_TLS,1,50,20,19,1,523.948,
2026-04-25T12:29:43.279506,ECC_TLS,1,50,20,20,1,639.44,
2026-04-25T12:29:44.064248,ECC_TLS,1,50,20,21,1,677.692,
2026-04-25T12:29:44.870212,ECC_TLS,1,50,20,22,1,702.418,
2026-04-25T12:29:45.500043,ECC_TLS,1,50,20,23,1,526.502,
2026-04-25T12:29:46.280349,ECC_TLS,1,50,20,24,1,649.558,
2026-04-25T12:29:46.924711,ECC_TLS,1,50,20,25,1,539.545,
2026-04-25T12:29:47.615067,ECC_TLS,1,50,20,26,1,586.254,
2026-04-25T12:29:48.304695,ECC_TLS,1,50,20,27,1,583.756,
2026-04-25T12:29:49.062475,ECC_TLS,1,50,20,28,1,649.974,
2026-04-25T12:29:49.732302,ECC_TLS,1,50,20,29,1,565.62,
2026-04-25T12:29:50.325445,ECC_TLS,1,50,20,30,1,488.739,
2026-04-25T12:29:51.270155,ECC_TLS,1,50,50,1,1,558.742,
2026-04-25T12:29:51.931634,ECC_TLS,1,50,50,2,1,553.497,
2026-04-25T12:29:52.790153,ECC_TLS,1,50,50,3,1,753.36,
2026-04-25T12:29:53.692096,ECC_TLS,1,50,50,4,1,796.29,
2026-04-25T12:29:54.496723,ECC_TLS,1,50,50,5,1,695.45,
2026-04-25T12:29:55.175657,ECC_TLS,1,50,50,6,1,571.213,
2026-04-25T12:29:55.782182,ECC_TLS,1,50,50,7,1,498.562,
2026-04-25T12:29:56.518704,ECC_TLS,1,50,50,8,1,631.367,
2026-04-25T12:29:57.521736,ECC_TLS,1,50,50,9,1,898.758,
2026-04-25T12:29:58.185131,ECC_TLS,1,50,50,10,1,558.021,
2026-04-25T12:29:58.744014,ECC_TLS,1,50,50,11,1,455.619,
2026-04-25T12:29:59.910274,ECC_TLS,1,50,50,12,1,1060.37,
2026-04-25T12:30:00.508251,ECC_TLS,1,50,50,13,1,491.843,
2026-04-25T12:30:01.196746,ECC_TLS,1,50,50,14,1,559.745,
2026-04-25T12:30:01.921278,ECC_TLS,1,50,50,15,1,618.62,
2026-04-25T12:30:02.800510,ECC_TLS,1,50,50,16,1,773.91,
2026-04-25T12:30:03.336412,ECC_TLS,1,50,50,17,1,431.782,
2026-04-25T12:30:05.042114,ECC_TLS,1,50,50,18,1,1600.22,
2026-04-25T12:30:05.869710,ECC_TLS,1,50,50,19,1,719.422,
2026-04-25T12:30:06.581981,ECC_TLS,1,50,50,20,1,603.175,
2026-04-25T12:30:07.394723,ECC_TLS,1,50,50,21,1,702.319,
2026-04-25T12:30:08.221855,ECC_TLS,1,50,50,22,1,691.628,
2026-04-25T12:30:08.925142,ECC_TLS,1,50,50,23,1,597.398,
2026-04-25T12:30:09.650477,ECC_TLS,1,50,50,24,1,547.567,
2026-04-25T12:30:10.444102,ECC_TLS,1,50,50,25,1,689.712,
2026-04-25T12:30:11.072636,ECC_TLS,1,50,50,26,1,525.082,
2026-04-25T12:30:11.650804,ECC_TLS,1,50,50,27,1,414.411,
2026-04-25T12:30:12.256861,ECC_TLS,1,50,50,28,1,492.272,
2026-04-25T12:30:13.028597,ECC_TLS,1,50,50,29,1,666.92,
2026-04-25T12:30:13.823378,ECC_TLS,1,50,50,30,1,690.131,
2026-04-25T12:30:14.790888,ECC_TLS,2,50,0,1,1,524.807,
2026-04-25T12:30:15.486075,ECC_TLS,2,50,0,2,1,553.439,
2026-04-25T12:30:17.308359,ECC_TLS,2,50,0,3,1,1717.69,
2026-04-25T12:30:17.951669,ECC_TLS,2,50,0,4,1,527.607,
2026-04-25T12:30:18.602731,ECC_TLS,2,50,0,5,1,547.099,
2026-04-25T12:30:19.411398,ECC_TLS,2,50,0,6,1,704.562,
2026-04-25T12:30:20.046857,ECC_TLS,2,50,0,7,1,528.147,
2026-04-25T12:30:20.665711,ECC_TLS,2,50,0,8,1,514.796,
2026-04-25T12:30:21.292610,ECC_TLS,2,50,0,9,1,517.824,
2026-04-25T12:30:21.932230,ECC_TLS,2,50,0,10,1,534.128,
2026-04-25T12:30:22.564109,ECC_TLS,2,50,0,11,1,527.288,
2026-04-25T12:30:23.204904,ECC_TLS,2,50,0,12,1,536.773,
2026-04-25T12:30:24.849642,ECC_TLS,2,50,0,13,1,1540.403,
2026-04-25T12:30:25.480873,ECC_TLS,2,50,0,14,1,528.148,
2026-04-25T12:30:27.165746,ECC_TLS,2,50,0,15,1,1545.396,
2026-04-25T12:30:27.810278,ECC_TLS,2,50,0,16,1,521.633,
2026-04-25T12:30:28.468834,ECC_TLS,2,50,0,17,1,551.861,
2026-04-25T12:30:29.170859,ECC_TLS,2,50,0,18,1,590.59,
2026-04-25T12:30:29.923107,ECC_TLS,2,50,0,19,1,638.688,
2026-04-25T12:30:30.724759,ECC_TLS,2,50,0,20,1,697.659,
2026-04-25T12:30:32.416941,ECC_TLS,2,50,0,21,1,1587.372,
2026-04-25T12:30:33.065694,ECC_TLS,2,50,0,22,1,535.329,
2026-04-25T12:30:33.705763,ECC_TLS,2,50,0,23,1,535.587,
2026-04-25T12:30:34.487634,ECC_TLS,2,50,0,24,1,677.812,
2026-04-25T12:30:35.136387,ECC_TLS,2,50,0,25,1,544.629,
2026-04-25T12:30:35.880637,ECC_TLS,2,50,0,26,1,641.559,
2026-04-25T12:30:36.509572,ECC_TLS,2,50,0,27,1,525.893,
2026-04-25T12:30:37.170226,ECC_TLS,2,50,0,28,1,545.452,
2026-04-25T12:30:37.799116,ECC_TLS,2,50,0,29,1,523.599,
2026-04-25T12:30:38.505702,ECC_TLS,2,50,0,30,1,599.598,
2026-04-25T12:30:39.439285,ECC_TLS,2,50,20,1,1,539.303,
2026-04-25T12:30:40.067748,ECC_TLS,2,50,20,2,1,522.005,
2026-04-25T12:30:40.746878,ECC_TLS,2,50,20,3,1,572.27,
2026-04-25T12:30:41.327934,ECC_TLS,2,50,20,4,1,473.406,
2026-04-25T12:30:41.959937,ECC_TLS,2,50,20,5,1,526.651,
2026-04-25T12:30:42.645292,ECC_TLS,2,50,20,6,1,579.69,
2026-04-25T12:30:43.355848,ECC_TLS,2,50,20,7,1,603.809,
2026-04-25T12:30:43.968963,ECC_TLS,2,50,20,8,1,502.325,
2026-04-25T12:30:44.618401,ECC_TLS,2,50,20,9,1,543.344,
2026-04-25T12:30:45.248761,ECC_TLS,2,50,20,10,1,525.483,
2026-04-25T12:30:45.888578,ECC_TLS,2,50,20,11,1,535.395,
2026-04-25T12:30:46.599661,ECC_TLS,2,50,20,12,1,608.078,
2026-04-25T12:30:47.240127,ECC_TLS,2,50,20,13,1,536.144,
2026-04-25T12:30:47.907461,ECC_TLS,2,50,20,14,1,562.313,
2026-04-25T12:30:48.511577,ECC_TLS,2,50,20,15,1,499.941,
2026-04-25T12:30:49.152425,ECC_TLS,2,50,20,16,1,535.288,
2026-04-25T12:30:50.168902,ECC_TLS,2,50,20,17,1,912.772,
2026-04-25T12:30:50.778483,ECC_TLS,2,50,20,18,1,488.626,
2026-04-25T12:30:51.380928,ECC_TLS,2,50,20,19,1,498.005,
2026-04-25T12:30:52.547983,ECC_TLS,2,50,20,20,1,1061.852,
2026-04-25T12:30:54.197723,ECC_TLS,2,50,20,21,1,1545.289,
2026-04-25T12:30:54.850461,ECC_TLS,2,50,20,22,1,548.798,
2026-04-25T12:30:55.458097,ECC_TLS,2,50,20,23,1,504.041,
2026-04-25T12:30:56.102576,ECC_TLS,2,50,20,24,1,538.325,
2026-04-25T12:30:56.715525,ECC_TLS,2,50,20,25,1,490.239,
2026-04-25T12:30:58.336850,ECC_TLS,2,50,20,26,1,1514.97,
2026-04-25T12:30:58.909123,ECC_TLS,2,50,20,27,1,464.715,
2026-04-25T12:30:59.508346,ECC_TLS,2,50,20,28,1,489.263,
2026-04-25T12:31:00.234859,ECC_TLS,2,50,20,29,1,621.435,
2026-04-25T12:31:00.834842,ECC_TLS,2,50,20,30,1,495.817,
2026-04-25T12:31:01.749201,ECC_TLS,2,50,50,1,1,502.886,
2026-04-25T12:31:02.423528,ECC_TLS,2,50,50,2,1,552.77,
2026-04-25T12:31:03.259058,ECC_TLS,2,50,50,3,1,729.948,
2026-04-25T12:31:03.955707,ECC_TLS,2,50,50,4,1,592.945,
2026-04-25T12:31:04.653038,ECC_TLS,2,50,50,5,1,592.144,
2026-04-25T12:31:07.190220,ECC_TLS,2,50,50,6,1,2432.928,
2026-04-25T12:31:07.786560,ECC_TLS,2,50,50,7,1,491.781,
2026-04-25T12:31:08.478127,ECC_TLS,2,50,50,8,1,586.798,
2026-04-25T12:31:09.125706,ECC_TLS,2,50,50,9,1,543.918,
2026-04-25T12:31:09.976618,ECC_TLS,2,50,50,10,1,746.977,
2026-04-25T12:31:10.825880,ECC_TLS,2,50,50,11,1,738.178,
2026-04-25T12:31:11.466752,ECC_TLS,2,50,50,12,1,480.703,
2026-04-25T12:31:12.210307,ECC_TLS,2,50,50,13,1,597.202,
2026-04-25T12:31:13.709996,ECC_TLS,2,50,50,14,1,1392.202,
2026-04-25T12:31:14.337023,ECC_TLS,2,50,50,15,1,482.268,
2026-04-25T12:31:15.148624,ECC_TLS,2,50,50,16,1,708.365,
2026-04-25T12:31:16.867336,ECC_TLS,2,50,50,17,1,1613.84,
2026-04-25T12:31:17.605657,ECC_TLS,2,50,50,18,1,632.208,
2026-04-25T12:31:18.298774,ECC_TLS,2,50,50,19,1,495.572,
2026-04-25T12:31:19.133512,ECC_TLS,2,50,50,20,1,694.605,
2026-04-25T12:31:19.657647,ECC_TLS,2,50,50,21,1,404.953,
2026-04-25T12:31:20.339652,ECC_TLS,2,50,50,22,1,574.775,
2026-04-25T12:31:21.135085,ECC_TLS,2,50,50,23,1,689.967,
2026-04-25T12:31:21.674683,ECC_TLS,2,50,50,24,1,395.705,
2026-04-25T12:31:22.372121,ECC_TLS,2,50,50,25,1,576.284,
2026-04-25T12:31:23.170706,ECC_TLS,2,50,50,26,1,695.099,
2026-04-25T12:31:25.333720,ECC_TLS,2,50,50,27,1,2059.22,
2026-04-25T12:31:26.078756,ECC_TLS,2,50,50,28,1,639.736,
2026-04-25T12:31:26.990660,ECC_TLS,2,50,50,29,1,804.838,
2026-04-25T12:31:27.862379,ECC_TLS,2,50,50,30,1,766.551,
2026-04-25T12:31:28.817306,ECC_TLS,3,50,0,1,1,535.23,
2026-04-25T12:31:29.451426,ECC_TLS,3,50,0,2,1,529.202,
2026-04-25T12:31:31.116294,ECC_TLS,3,50,0,3,1,1558.111,
2026-04-25T12:31:32.031307,ECC_TLS,3,50,0,4,1,751.551,
2026-04-25T12:31:32.805783,ECC_TLS,3,50,0,5,1,645.283,
2026-04-25T12:31:33.545967,ECC_TLS,3,50,0,6,1,602.717,
2026-04-25T12:31:35.298230,ECC_TLS,3,50,0,7,1,1638.695,
2026-04-25T12:31:36.181036,ECC_TLS,3,50,0,8,1,746.088,
2026-04-25T12:31:36.952596,ECC_TLS,3,50,0,9,1,652.593,
2026-04-25T12:31:37.780482,ECC_TLS,3,50,0,10,1,676.778,
2026-04-25T12:31:38.660139,ECC_TLS,3,50,0,11,1,725.002,
2026-04-25T12:31:39.611303,ECC_TLS,3,50,0,12,1,786.34,
2026-04-25T12:31:40.375437,ECC_TLS,3,50,0,13,1,635.282,
2026-04-25T12:31:41.160083,ECC_TLS,3,50,0,14,1,639.324,
2026-04-25T12:31:42.849865,ECC_TLS,3,50,0,15,1,1569.577,
2026-04-25T12:31:44.898233,ECC_TLS,3,50,0,16,1,1814.114,
2026-04-25T12:31:46.613634,ECC_TLS,3,50,0,17,1,1611.531,
2026-04-25T12:31:47.303394,ECC_TLS,3,50,0,18,1,568.806,
2026-04-25T12:31:50.248033,ECC_TLS,3,50,0,19,1,2841.199,
2026-04-25T12:31:51.017422,ECC_TLS,3,50,0,20,1,613.054,
2026-04-25T12:31:51.768241,ECC_TLS,3,50,0,21,1,628.832,
2026-04-25T12:31:52.481816,ECC_TLS,3,50,0,22,1,608.048,
2026-04-25T12:31:53.203553,ECC_TLS,3,50,0,23,1,617.941,
2026-04-25T12:31:54.048114,ECC_TLS,3,50,0,24,1,730.116,
2026-04-25T12:31:54.857338,ECC_TLS,3,50,0,25,1,663.368,
2026-04-25T12:31:55.528612,ECC_TLS,3,50,0,26,1,557.579,
2026-04-25T12:31:56.178594,ECC_TLS,3,50,0,27,1,527.262,
2026-04-25T12:31:56.811361,ECC_TLS,3,50,0,28,1,528.177,
2026-04-25T12:31:57.440980,ECC_TLS,3,50,0,29,1,524.648,
2026-04-25T12:31:59.244019,ECC_TLS,3,50,0,30,1,1680.327,
2026-04-25T12:32:02.389090,ECC_TLS,3,50,20,1,1,2668.87,
2026-04-25T12:32:03.016170,ECC_TLS,3,50,20,2,1,520.624,
2026-04-25T12:32:03.692383,ECC_TLS,3,50,20,3,1,568.694,
2026-04-25T12:32:04.393692,ECC_TLS,3,50,20,4,1,576.682,
2026-04-25T12:32:05.059748,ECC_TLS,3,50,20,5,1,558.767,
2026-04-25T12:32:05.752604,ECC_TLS,3,50,20,6,1,587.449,
2026-04-25T12:32:06.380522,ECC_TLS,3,50,20,7,1,524.656,
2026-04-25T12:32:07.118267,ECC_TLS,3,50,20,8,1,633.885,
2026-04-25T12:32:07.796297,ECC_TLS,3,50,20,9,1,571.91,
2026-04-25T12:32:08.810801,ECC_TLS,3,50,20,10,1,910.385,
2026-04-25T12:32:09.476440,ECC_TLS,3,50,20,11,1,557.208,
2026-04-25T12:32:10.076396,ECC_TLS,3,50,20,12,1,493.836,
2026-04-25T12:32:10.782156,ECC_TLS,3,50,20,13,1,601.622,
2026-04-25T12:32:11.486182,ECC_TLS,3,50,20,14,1,599.46,
2026-04-25T12:32:12.131696,ECC_TLS,3,50,20,15,1,539.881,
2026-04-25T12:32:12.744827,ECC_TLS,3,50,20,16,1,495.578,
2026-04-25T12:32:13.399143,ECC_TLS,3,50,20,17,1,551.236,
2026-04-25T12:32:14.103110,ECC_TLS,3,50,20,18,1,596.199,
2026-04-25T12:32:14.875506,ECC_TLS,3,50,20,19,1,667.966,
2026-04-25T12:32:15.579181,ECC_TLS,3,50,20,20,1,598.441,
2026-04-25T12:32:16.258077,ECC_TLS,3,50,20,21,1,575.256,
2026-04-25T12:32:16.944597,ECC_TLS,3,50,20,22,1,573.051,
2026-04-25T12:32:17.585139,ECC_TLS,3,50,20,23,1,535.474,
2026-04-25T12:32:18.193990,ECC_TLS,3,50,20,24,1,504.945,
2026-04-25T12:32:18.853605,ECC_TLS,3,50,20,25,1,542.994,
2026-04-25T12:32:19.534699,ECC_TLS,3,50,20,26,1,574.762,
2026-04-25T12:32:21.242819,ECC_TLS,3,50,20,27,1,1604.548,
2026-04-25T12:32:21.896896,ECC_TLS,3,50,20,28,1,551.348,
2026-04-25T12:32:22.514903,ECC_TLS,3,50,20,29,1,512.089,
2026-04-25T12:32:24.096117,ECC_TLS,3,50,20,30,1,1474.336,
2026-04-25T12:32:25.177720,ECC_TLS,3,50,50,1,1,632.697,
2026-04-25T12:32:25.951059,ECC_TLS,3,50,50,2,1,668.507,
2026-04-25T12:32:26.691748,ECC_TLS,3,50,50,3,1,636.137,
2026-04-25T12:32:28.533064,ECC_TLS,3,50,50,4,1,1737.288,
2026-04-25T12:32:29.146636,ECC_TLS,3,50,50,5,1,509.13,
2026-04-25T12:32:29.689338,ECC_TLS,3,50,50,6,1,439.164,
2026-04-25T12:32:30.380348,ECC_TLS,3,50,50,7,1,582.864,
2026-04-25T12:32:32.352399,ECC_TLS,3,50,50,8,1,1868.826,
2026-04-25T12:32:33.080174,ECC_TLS,3,50,50,9,1,623.822,
2026-04-25T12:32:33.636581,ECC_TLS,3,50,50,10,1,452.186,
2026-04-25T12:32:34.145361,ECC_TLS,3,50,50,11,1,404.328,
2026-04-25T12:32:34.864114,ECC_TLS,3,50,50,12,1,612.173,
2026-04-25T12:32:35.505799,ECC_TLS,3,50,50,13,1,536.72,
2026-04-25T12:32:36.604282,ECC_TLS,3,50,50,14,1,992.476,
2026-04-25T12:32:37.348590,ECC_TLS,3,50,50,15,1,639.193,
2026-04-25T12:32:37.944271,ECC_TLS,3,50,50,16,1,491.225,
2026-04-25T12:32:38.505476,ECC_TLS,3,50,50,17,1,456.898,
2026-04-25T12:32:39.181048,ECC_TLS,3,50,50,18,1,570.099,
2026-04-25T12:32:39.862345,ECC_TLS,3,50,50,19,1,577.902,
2026-04-25T12:32:41.729748,ECC_TLS,3,50,50,20,1,1759.694,
2026-04-25T12:32:42.426508,ECC_TLS,3,50,50,21,1,592.488,
2026-04-25T12:32:43.021586,ECC_TLS,3,50,50,22,1,492.28,
2026-04-25T12:32:43.420722,ECC_TLS,3,50,50,23,1,291.136,
2026-04-25T12:32:44.056055,ECC_TLS,3,50,50,24,1,528.852,
2026-04-25T12:32:44.798095,ECC_TLS,3,50,50,25,1,638.596,
2026-04-25T12:32:45.481939,ECC_TLS,3,50,50,26,1,580.318,
2026-04-25T12:32:47.604326,ECC_TLS,3,50,50,27,1,2012.573,
2026-04-25T12:32:48.538707,ECC_TLS,3,50,50,28,1,829.43,
2026-04-25T12:32:49.205195,ECC_TLS,3,50,50,29,1,560.927,
2026-04-25T12:32:50.018562,ECC_TLS,3,50,50,30,1,709.511,
2026-04-25T12:32:51.091611,ECC_TLS,5,50,0,1,1,628.21,
2026-04-25T12:32:51.803651,ECC_TLS,5,50,0,2,1,594.009,
2026-04-25T12:32:52.562840,ECC_TLS,5,50,0,3,1,654.889,
2026-04-25T12:32:54.240892,ECC_TLS,5,50,0,4,1,1574.766,
2026-04-25T12:32:54.882630,ECC_TLS,5,50,0,5,1,538.22,
2026-04-25T12:32:55.570491,ECC_TLS,5,50,0,6,1,582.166,
2026-04-25T12:32:56.224633,ECC_TLS,5,50,0,7,1,549.839,
2026-04-25T12:32:56.930366,ECC_TLS,5,50,0,8,1,580.2,
2026-04-25T12:32:57.622919,ECC_TLS,5,50,0,9,1,579.017,
2026-04-25T12:32:58.282942,ECC_TLS,5,50,0,10,1,556.092,
2026-04-25T12:32:58.983909,ECC_TLS,5,50,0,11,1,596.459,
2026-04-25T12:32:59.707371,ECC_TLS,5,50,0,12,1,618.446,
2026-04-25T12:33:01.382350,ECC_TLS,5,50,0,13,1,1556.798,
2026-04-25T12:33:02.092720,ECC_TLS,5,50,0,14,1,605.444,
2026-04-25T12:33:04.287617,ECC_TLS,5,50,0,15,1,2091.185,
2026-04-25T12:33:04.994275,ECC_TLS,5,50,0,16,1,600.485,
2026-04-25T12:33:05.719023,ECC_TLS,5,50,0,17,1,621.198,
2026-04-25T12:33:06.765009,ECC_TLS,5,50,0,18,1,942.48,
2026-04-25T12:33:07.405579,ECC_TLS,5,50,0,19,1,527.178,
2026-04-25T12:33:09.092894,ECC_TLS,5,50,0,20,1,1583.068,
2026-04-25T12:33:13.969028,ECC_TLS,5,50,0,21,1,4754.846,
2026-04-25T12:33:18.427456,ECC_TLS,5,50,0,22,1,4354.419,
2026-04-25T12:33:19.075363,ECC_TLS,5,50,0,23,1,544.056,
2026-04-25T12:33:19.932770,ECC_TLS,5,50,0,24,1,741.987,
2026-04-25T12:33:20.569081,ECC_TLS,5,50,0,25,1,529.834,
2026-04-25T12:33:21.220431,ECC_TLS,5,50,0,26,1,536.137,
2026-04-25T12:33:21.903617,ECC_TLS,5,50,0,27,1,545.796,
2026-04-25T12:33:24.944731,ECC_TLS,5,50,0,28,1,2925.967,
2026-04-25T12:33:26.998576,ECC_TLS,5,50,0,29,1,1900.824,
2026-04-25T12:33:27.709951,ECC_TLS,5,50,0,30,1,587.855,
2026-04-25T12:33:29.947296,ECC_TLS,5,50,20,1,1,1784.338,
2026-04-25T12:33:30.553388,ECC_TLS,5,50,20,2,1,501.039,
2026-04-25T12:33:31.206317,ECC_TLS,5,50,20,3,1,550.196,
2026-04-25T12:33:33.049184,ECC_TLS,5,50,20,4,1,1738.504,
2026-04-25T12:33:33.817216,ECC_TLS,5,50,20,5,1,664.772,
2026-04-25T12:33:34.428903,ECC_TLS,5,50,20,6,1,508.288,
2026-04-25T12:33:35.108897,ECC_TLS,5,50,20,7,1,565.984,
2026-04-25T12:33:35.891629,ECC_TLS,5,50,20,8,1,674.44,
2026-04-25T12:33:40.299868,ECC_TLS,5,50,20,9,1,4299.471,
2026-04-25T12:33:41.025770,ECC_TLS,5,50,20,10,1,621.985,
2026-04-25T12:33:41.885006,ECC_TLS,5,50,20,11,1,754.583,
2026-04-25T12:33:42.672372,ECC_TLS,5,50,20,12,1,681.294,
2026-04-25T12:33:43.543086,ECC_TLS,5,50,20,13,1,754.776,
2026-04-25T12:33:44.281392,ECC_TLS,5,50,20,14,1,634.714,
2026-04-25T12:33:46.101848,ECC_TLS,5,50,20,15,1,1713.807,
2026-04-25T12:33:46.962282,ECC_TLS,5,50,20,16,1,716.249,
2026-04-25T12:33:47.620218,ECC_TLS,5,50,20,17,1,512.73,
2026-04-25T12:33:49.391101,ECC_TLS,5,50,20,18,1,1610.209,
2026-04-25T12:33:50.687470,ECC_TLS,5,50,20,19,1,1192.508,
2026-04-25T12:33:51.507934,ECC_TLS,5,50,20,20,1,696.714,
2026-04-25T12:33:53.651828,ECC_TLS,5,50,20,21,1,1980.394,
2026-04-25T12:33:54.256590,ECC_TLS,5,50,20,22,1,501.235,
2026-04-25T12:33:54.882389,ECC_TLS,5,50,20,23,1,518.503,
2026-04-25T12:33:56.071931,ECC_TLS,5,50,20,24,1,1085.43,
2026-04-25T12:33:57.880100,ECC_TLS,5,50,20,25,1,1703.83,
2026-04-25T12:33:58.806760,ECC_TLS,5,50,20,26,1,821.115,
2026-04-25T12:34:00.832264,ECC_TLS,5,50,20,27,1,1919.872,
2026-04-25T12:34:01.541179,ECC_TLS,5,50,20,28,1,602.491,
2026-04-25T12:34:03.309770,ECC_TLS,5,50,20,29,1,1649.907,
2026-04-25T12:34:06.084743,ECC_TLS,5,50,20,30,1,2596.452,
2026-04-25T12:34:07.298017,ECC_TLS,5,50,50,1,1,648.307,
2026-04-25T12:34:08.235725,ECC_TLS,5,50,50,2,1,832.067,
2026-04-25T12:34:09.198597,ECC_TLS,5,50,50,3,1,847.955,
2026-04-25T12:34:10.985098,ECC_TLS,5,50,50,4,1,1675.576,
2026-04-25T12:34:11.783783,ECC_TLS,5,50,50,5,1,689.781,
2026-04-25T12:34:12.476772,ECC_TLS,5,50,50,6,1,589.783,
2026-04-25T12:34:13.564951,ECC_TLS,5,50,50,7,1,985.355,
2026-04-25T12:34:14.207372,ECC_TLS,5,50,50,8,1,539.06,
2026-04-25T12:34:15.803247,ECC_TLS,5,50,50,9,1,1490.023,
2026-04-25T12:34:17.527168,ECC_TLS,5,50,50,10,1,1616.918,
2026-04-25T12:34:18.300329,ECC_TLS,5,50,50,11,1,669.932,
2026-04-25T12:34:21.048266,ECC_TLS,5,50,50,12,1,2644.5,
2026-04-25T12:34:21.765543,ECC_TLS,5,50,50,13,1,595.168,
2026-04-25T12:34:22.557345,ECC_TLS,5,50,50,14,1,687.132,
2026-04-25T12:34:23.442322,ECC_TLS,5,50,50,15,1,779.787,
2026-04-25T12:34:25.232758,ECC_TLS,5,50,50,16,1,1654.91,
2026-04-25T12:34:26.915862,ECC_TLS,5,50,50,17,1,1570.613,
2026-04-25T12:34:27.709995,ECC_TLS,5,50,50,18,1,690.323,
2026-04-25T12:34:28.469534,ECC_TLS,5,50,50,19,1,646.784,
2026-04-25T12:34:29.105537,ECC_TLS,5,50,50,20,1,532.564,
2026-04-25T12:34:29.816851,ECC_TLS,5,50,50,21,1,607.139,
2026-04-25T12:34:31.894481,ECC_TLS,5,50,50,22,1,1963.005,
2026-04-25T12:34:32.501195,ECC_TLS,5,50,50,23,1,502.462,
2026-04-25T12:34:34.603760,ECC_TLS,5,50,50,24,1,1997.54,
2026-04-25T12:34:36.006418,ECC_TLS,5,50,50,25,1,1296.184,
2026-04-25T12:34:36.780265,ECC_TLS,5,50,50,26,1,667.704,
2026-04-25T12:34:37.649792,ECC_TLS,5,50,50,27,1,748.337,
2026-04-25T12:34:38.456845,ECC_TLS,5,50,50,28,1,702.506,
2026-04-25T12:34:39.183523,ECC_TLS,5,50,50,29,1,622.305,
2026-04-25T12:34:40.189149,ECC_TLS,5,50,50,30,1,899.595,
2026-04-25T12:34:42.328349,ECC_TLS,7,50,0,1,1,1690.961,
2026-04-25T12:34:43.495251,ECC_TLS,7,50,0,2,1,1058.713,
2026-04-25T12:34:44.161042,ECC_TLS,7,50,0,3,1,556.614,
2026-04-25T12:34:44.890552,ECC_TLS,7,50,0,4,1,535.436,
2026-04-25T12:34:46.640079,ECC_TLS,7,50,0,5,1,1636.016,
2026-04-25T12:34:47.431854,ECC_TLS,7,50,0,6,1,667.316,
2026-04-25T12:34:49.426390,ECC_TLS,7,50,0,7,1,1889.454,
2026-04-25T12:34:50.078057,ECC_TLS,7,50,0,8,1,541.14,
2026-04-25T12:34:50.972408,ECC_TLS,7,50,0,9,1,785.191,
2026-04-25T12:34:52.936161,ECC_TLS,7,50,0,10,1,1856.363,
2026-04-25T12:34:53.749938,ECC_TLS,7,50,0,11,1,708.417,
2026-04-25T12:34:54.580761,ECC_TLS,7,50,0,12,1,684.762,
2026-04-25T12:34:55.470150,ECC_TLS,7,50,0,13,1,782.249,
2026-04-25T12:34:56.106338,ECC_TLS,7,50,0,14,1,529.056,
2026-04-25T12:34:58.055797,ECC_TLS,7,50,0,15,1,1843.31,
2026-04-25T12:34:58.827278,ECC_TLS,7,50,0,16,1,643.223,
2026-04-25T12:34:59.742569,ECC_TLS,7,50,0,17,1,809.033,
2026-04-25T12:35:02.490266,ECC_TLS,7,50,0,18,1,2638.739,
2026-04-25T12:35:03.340379,ECC_TLS,7,50,0,19,1,695.87,
2026-04-25T12:35:05.173235,ECC_TLS,7,50,0,20,1,1688.04,
2026-04-25T12:35:06.121505,ECC_TLS,7,50,0,21,1,815.396,
2026-04-25T12:35:08.231913,ECC_TLS,7,50,0,22,1,1987.28,
2026-04-25T12:35:09.014618,ECC_TLS,7,50,0,23,1,674.221,
2026-04-25T12:35:13.407644,ECC_TLS,7,50,0,24,1,4288.287,
2026-04-25T12:35:14.046213,ECC_TLS,7,50,0,25,1,534.658,
2026-04-25T12:35:15.134675,ECC_TLS,7,50,0,26,1,965.572,
2026-04-25T12:35:17.975325,ECC_TLS,7,50,0,27,1,2668.565,
2026-04-25T12:35:18.747502,ECC_TLS,7,50,0,28,1,665.608,
2026-04-25T12:35:19.467837,ECC_TLS,7,50,0,29,1,615.807,
2026-04-25T12:35:20.140628,ECC_TLS,7,50,0,30,1,569.297,
2026-04-25T12:35:21.653168,ECC_TLS,7,50,20,1,1,1118.272,
2026-04-25T12:35:23.599290,ECC_TLS,7,50,20,2,1,1841.747,
2026-04-25T12:35:24.348320,ECC_TLS,7,50,20,3,1,645.421,
2026-04-25T12:35:27.404477,ECC_TLS,7,50,20,4,1,2951.597,
2026-04-25T12:35:28.300714,ECC_TLS,7,50,20,5,1,753.241,
2026-04-25T12:35:29.153573,ECC_TLS,7,50,20,6,1,695.354,
2026-04-25T12:35:30.056896,ECC_TLS,7,50,20,7,1,748.908,
2026-04-25T12:35:30.943032,ECC_TLS,7,50,20,8,1,684.069,
2026-04-25T12:35:32.425489,ECC_TLS,7,50,20,9,1,1360.558,
2026-04-25T12:35:33.292334,ECC_TLS,7,50,20,10,1,762.666,
2026-04-25T12:35:34.075114,ECC_TLS,7,50,20,11,1,678.974,
2026-04-25T12:35:35.324173,ECC_TLS,7,50,20,12,1,1145.411,
2026-04-25T12:35:36.407490,ECC_TLS,7,50,20,13,1,929.727,
2026-04-25T12:35:37.236308,ECC_TLS,7,50,20,14,1,680.974,
2026-04-25T12:35:40.112911,ECC_TLS,7,50,20,15,1,2753.395,
2026-04-25T12:35:40.792288,ECC_TLS,7,50,20,16,1,566.923,
2026-04-25T12:35:42.666577,ECC_TLS,7,50,20,17,1,1752.366,
2026-04-25T12:35:43.461846,ECC_TLS,7,50,20,18,1,691.842,
2026-04-25T12:35:44.220895,ECC_TLS,7,50,20,19,1,654.884,
2026-04-25T12:35:45.687646,ECC_TLS,7,50,20,20,1,1362.346,
2026-04-25T12:35:47.655478,ECC_TLS,7,50,20,21,1,1805.803,
2026-04-25T12:35:48.814305,ECC_TLS,7,50,20,22,1,1052.435,
2026-04-25T12:35:50.207073,ECC_TLS,7,50,20,23,1,1289.413,
2026-04-25T12:35:50.997032,ECC_TLS,7,50,20,24,1,678.325,
2026-04-25T12:35:53.936715,ECC_TLS,7,50,20,25,1,2836.998,
2026-04-25T12:35:54.916096,ECC_TLS,7,50,20,26,1,859.97,
2026-04-25T12:35:55.622790,ECC_TLS,7,50,20,27,1,600.4,
2026-04-25T12:35:56.320802,ECC_TLS,7,50,20,28,1,592.472,
2026-04-25T12:35:57.159280,ECC_TLS,7,50,20,29,1,718.909,
2026-04-25T12:35:59.836115,ECC_TLS,7,50,20,30,1,2571.05,
2026-04-25T12:36:01.381832,ECC_TLS,7,50,50,1,1,947.703,
2026-04-25T12:36:02.012073,ECC_TLS,7,50,50,2,1,509.475,
2026-04-25T12:36:02.693567,ECC_TLS,7,50,50,3,1,576.122,
2026-04-25T12:36:03.778650,ECC_TLS,7,50,50,4,1,979.416,
2026-04-25T12:36:07.771778,ECC_TLS,7,50,50,5,1,3865.056,
2026-04-25T12:36:09.266803,ECC_TLS,7,50,50,6,1,1390.639,
2026-04-25T12:36:10.828628,ECC_TLS,7,50,50,7,1,1455.438,
2026-04-25T12:36:13.456649,ECC_TLS,7,50,50,8,1,2509.253,
2026-04-25T12:36:14.076418,ECC_TLS,7,50,50,9,1,511.252,
2026-04-25T12:36:15.565097,ECC_TLS,7,50,50,10,1,1360.2,
2026-04-25T12:36:16.294321,ECC_TLS,7,50,50,11,1,551.913,
2026-04-25T12:36:20.501792,ECC_TLS,7,50,50,12,1,4098.774,
2026-04-25T12:36:21.587539,ECC_TLS,7,50,50,13,1,956.223,
2026-04-25T12:36:22.440673,ECC_TLS,7,50,50,14,1,738.558,
2026-04-25T12:36:24.172656,ECC_TLS,7,50,50,15,1,1628.105,
2026-04-25T12:36:25.050281,ECC_TLS,7,50,50,16,1,759.023,
2026-04-25T12:36:26.102355,ECC_TLS,7,50,50,17,1,937.313,
2026-04-25T12:36:27.757491,ECC_TLS,7,50,50,18,1,1544.105,
2026-04-25T12:36:29.721411,ECC_TLS,7,50,50,19,1,1847.269,
2026-04-25T12:36:30.420725,ECC_TLS,7,50,50,20,1,593.154,
2026-04-25T12:36:31.738916,ECC_TLS,7,50,50,21,1,1214.934,
2026-04-25T12:36:33.091715,ECC_TLS,7,50,50,22,1,796.98,
2026-04-25T12:36:34.020835,ECC_TLS,7,50,50,23,1,803.13,
2026-04-25T12:36:34.799252,ECC_TLS,7,50,50,24,1,667.197,
2026-04-25T12:36:35.691523,ECC_TLS,7,50,50,25,1,788.934,
2026-04-25T12:36:36.547329,ECC_TLS,7,50,50,26,1,748.395,
2026-04-25T12:36:37.246942,ECC_TLS,7,50,50,27,1,596.247,
2026-04-25T12:36:41.276607,ECC_TLS,7,50,50,28,1,3891.292,
2026-04-25T12:36:41.906487,ECC_TLS,7,50,50,29,1,524.035,
2026-04-25T12:36:44.784725,ECC_TLS,7,50,50,30,1,2771.202,
2026-04-25T12:36:46.124518,ECC_TLS,10,50,0,1,1,839.435,
2026-04-25T12:36:47.951316,ECC_TLS,10,50,0,2,1,1722.775,
2026-04-25T12:36:48.645706,ECC_TLS,10,50,0,3,1,580.889,
2026-04-25T12:36:50.690891,ECC_TLS,10,50,0,4,1,1937.093,
2026-04-25T12:36:51.517211,ECC_TLS,10,50,0,5,1,710.516,
2026-04-25T12:36:54.545794,ECC_TLS,10,50,0,6,1,2924.35,
2026-04-25T12:36:55.300334,ECC_TLS,10,50,0,7,1,650.693,
2026-04-25T12:36:57.341284,ECC_TLS,10,50,0,8,1,1919.784,
2026-04-25T12:37:00.953706,ECC_TLS,10,50,0,9,1,3502.397,
2026-04-25T12:37:01.837737,ECC_TLS,10,50,0,10,1,694.635,
2026-04-25T12:37:02.670327,ECC_TLS,10,50,0,11,1,727.071,
2026-04-25T12:37:03.322369,ECC_TLS,10,50,0,12,1,546.038,
2026-04-25T12:37:08.975647,ECC_TLS,10,50,0,13,1,5549.241,
2026-04-25T12:37:11.214593,ECC_TLS,10,50,0,14,1,2131.089,
2026-04-25T12:37:12.001005,ECC_TLS,10,50,0,15,1,683.237,
2026-04-25T12:37:13.110725,ECC_TLS,10,50,0,16,1,1005.305,
2026-04-25T12:37:13.815114,ECC_TLS,10,50,0,17,1,594.812,
2026-04-25T12:37:15.915150,ECC_TLS,10,50,0,18,1,1994.517,
2026-04-25T12:37:16.775678,ECC_TLS,10,50,0,19,1,757.57,
2026-04-25T12:37:17.619460,ECC_TLS,10,50,0,20,1,695.929,
2026-04-25T12:37:18.368879,ECC_TLS,10,50,0,21,1,637.242,
2026-04-25T12:37:22.780212,ECC_TLS,10,50,0,22,1,4306.936,
2026-04-25T12:37:24.512283,ECC_TLS,10,50,0,23,1,1615.393,
2026-04-25T12:37:26.772675,ECC_TLS,10,50,0,24,1,2135.9,
2026-04-25T12:37:28.685278,ECC_TLS,10,50,0,25,1,1773.58,
2026-04-25T12:37:29.665114,ECC_TLS,10,50,0,26,1,865.072,
2026-04-25T12:37:32.270803,ECC_TLS,10,50,0,27,1,2390.416,
2026-04-25T12:37:33.989754,ECC_TLS,10,50,0,28,1,1613.946,
2026-04-25T12:37:36.390582,ECC_TLS,10,50,0,29,1,2297.188,
2026-04-25T12:37:39.658328,ECC_TLS,10,50,0,30,1,3089.494,
2026-04-25T12:37:44.958751,ECC_TLS,10,50,20,1,1,4798.209,
2026-04-25T12:37:47.695227,ECC_TLS,10,50,20,2,1,2633.113,
2026-04-25T12:37:49.409247,ECC_TLS,10,50,20,3,1,1609.417,
2026-04-25T12:37:50.389386,ECC_TLS,10,50,20,4,1,870.491,
2026-04-25T12:37:51.156066,ECC_TLS,10,50,20,5,1,660.177,
2026-04-25T12:37:53.665862,ECC_TLS,10,50,20,6,1,2388.031,
2026-04-25T12:37:55.044647,ECC_TLS,10,50,20,7,1,1274.94,
2026-04-25T12:37:56.019529,ECC_TLS,10,50,20,8,1,871.329,
2026-04-25T12:37:56.989885,ECC_TLS,10,50,20,9,1,814.156,
2026-04-25T12:38:00.326970,ECC_TLS,10,50,20,10,1,3226.636,
2026-04-25T12:38:02.369926,ECC_TLS,10,50,20,11,1,1881.821,
2026-04-25T12:38:03.176296,ECC_TLS,10,50,20,12,1,689.953,
2026-04-25T12:38:05.982807,ECC_TLS,10,50,20,13,1,2689.08,
2026-04-25T12:38:07.772079,ECC_TLS,10,50,20,14,1,1633.466,
2026-04-25T12:38:08.697695,ECC_TLS,10,50,20,15,1,820.017,
2026-04-25T12:38:11.048457,ECC_TLS,10,50,20,16,1,2246.745,
2026-04-25T12:38:13.906201,ECC_TLS,10,50,20,17,1,2699.426,
2026-04-25T12:38:15.651228,ECC_TLS,10,50,20,18,1,1641.887,
2026-04-25T12:38:16.372118,ECC_TLS,10,50,20,19,1,617.294,
2026-04-25T12:38:17.342861,ECC_TLS,10,50,20,20,1,867.071,
2026-04-25T12:38:19.376637,ECC_TLS,10,50,20,21,1,1926.586,
2026-04-25T12:38:20.058896,ECC_TLS,10,50,20,22,1,577.82,
2026-04-25T12:38:21.833438,ECC_TLS,10,50,20,23,1,1670.263,
2026-04-25T12:38:22.511765,ECC_TLS,10,50,20,24,1,566.606,
2026-04-25T12:38:26.012987,ECC_TLS,10,50,20,25,1,3397.221,
2026-04-25T12:38:26.678651,ECC_TLS,10,50,20,26,1,555.992,
2026-04-25T12:38:28.569798,ECC_TLS,10,50,20,27,1,1759.146,
2026-04-25T12:38:30.680907,ECC_TLS,10,50,20,28,1,2007.002,
2026-04-25T12:38:31.317976,ECC_TLS,10,50,20,29,1,522.308,
2026-04-25T12:38:32.187684,ECC_TLS,10,50,20,30,1,764.009,
2026-04-25T12:38:33.230572,ECC_TLS,10,50,50,1,1,626.939,
2026-04-25T12:38:33.772171,ECC_TLS,10,50,50,2,1,438.488,
2026-04-25T12:38:34.338800,ECC_TLS,10,50,50,3,1,462.091,
2026-04-25T12:38:35.355077,ECC_TLS,10,50,50,4,1,901.292,
2026-04-25T12:38:36.895721,ECC_TLS,10,50,50,5,1,1436.446,
2026-04-25T12:38:39.668708,ECC_TLS,10,50,50,6,1,2668.23,
2026-04-25T12:38:40.356881,ECC_TLS,10,50,50,7,1,579.43,
2026-04-25T12:38:41.932012,ECC_TLS,10,50,50,8,1,1471.357,
2026-04-25T12:38:43.942321,ECC_TLS,10,50,50,9,1,1906.387,
2026-04-25T12:38:47.723533,ECC_TLS,10,50,50,10,1,3675.305,
2026-04-25T12:38:49.328668,ECC_TLS,10,50,50,11,1,1493.591,
2026-04-25T12:38:58.856818,ECC_TLS,10,50,50,12,1,9424.895,
2026-04-25T12:39:01.649822,ECC_TLS,10,50,50,13,1,2689.578,
2026-04-25T12:39:03.611633,ECC_TLS,10,50,50,14,1,1858.189,
2026-04-25T12:39:05.472903,ECC_TLS,10,50,50,15,1,1758.45,
2026-04-25T12:39:06.137895,ECC_TLS,10,50,50,16,1,562.216,
2026-04-25T12:39:08.407781,ECC_TLS,10,50,50,17,1,2166.582,
2026-04-25T12:39:09.090898,ECC_TLS,10,50,50,18,1,579.479,
2026-04-25T12:39:09.717848,ECC_TLS,10,50,50,19,1,522.338,
2026-04-25T12:39:11.440190,ECC_TLS,10,50,50,20,1,1618.639,
2026-04-25T12:39:12.481802,ECC_TLS,10,50,50,21,1,927.185,
2026-04-25T12:39:13.140210,ECC_TLS,10,50,50,22,1,534.604,
2026-04-25T12:39:14.858021,ECC_TLS,10,50,50,23,1,1614.438,
2026-04-25T12:39:15.506231,ECC_TLS,10,50,50,24,1,538.707,
2026-04-25T12:39:16.252120,ECC_TLS,10,50,50,25,1,642.406,
2026-04-25T12:39:16.933535,ECC_TLS,10,50,50,26,1,574.024,
2026-04-25T12:39:21.122219,ECC_TLS,10,50,50,27,1,4085.494,
2026-04-25T12:39:24.450341,ECC_TLS,10,50,50,28,1,3219.825,
2026-04-25T12:39:25.047260,ECC_TLS,10,50,50,29,1,492.462,
2026-04-25T12:39:26.286556,ECC_TLS,10,50,50,30,1,1136.212,
2026-04-26T14:41:01.774060,KYBER_TLS,0,50,0,1,1,330.496,
2026-04-26T14:41:02.252636,KYBER_TLS,0,50,0,2,1,368.262,
2026-04-26T14:41:02.688478,KYBER_TLS,0,50,0,3,1,334.455,
2026-04-26T14:41:03.141857,KYBER_TLS,0,50,0,4,1,322.987,
2026-04-26T14:41:03.609609,KYBER_TLS,0,50,0,5,1,366.291,
2026-04-26T14:41:04.148675,KYBER_TLS,0,50,0,6,1,436.899,
2026-04-26T14:41:04.613962,KYBER_TLS,0,50,0,7,1,319.439,
2026-04-26T14:41:05.074115,KYBER_TLS,0,50,0,8,1,358.561,
2026-04-26T14:41:05.723750,KYBER_TLS,0,50,0,9,1,547.226,
2026-04-26T14:41:06.176126,KYBER_TLS,0,50,0,10,1,327.556,
2026-04-26T14:41:06.716287,KYBER_TLS,0,50,0,11,1,437.778,
2026-04-26T14:41:07.289857,KYBER_TLS,0,50,0,12,1,465.04,
2026-04-26T14:41:07.815200,KYBER_TLS,0,50,0,13,1,413.002,
2026-04-26T14:41:08.398635,KYBER_TLS,0,50,0,14,1,461.475,
2026-04-26T14:41:08.975329,KYBER_TLS,0,50,0,15,1,474.828,
2026-04-26T14:41:09.532915,KYBER_TLS,0,50,0,16,1,437.822,
2026-04-26T14:41:09.958527,KYBER_TLS,0,50,0,17,1,324.695,
2026-04-26T14:41:10.415526,KYBER_TLS,0,50,0,18,1,335.597,
2026-04-26T14:41:10.928628,KYBER_TLS,0,50,0,19,1,402.726,
2026-04-26T14:41:11.391908,KYBER_TLS,0,50,0,20,1,343.871,
2026-04-26T14:41:11.932230,KYBER_TLS,0,50,0,21,1,426.332,
2026-04-26T14:41:12.437876,KYBER_TLS,0,50,0,22,1,404.936,
2026-04-26T14:41:13.061838,KYBER_TLS,0,50,0,23,1,502.539,
2026-04-26T14:41:13.508612,KYBER_TLS,0,50,0,24,1,341.946,
2026-04-26T14:41:14.001524,KYBER_TLS,0,50,0,25,1,391.908,
2026-04-26T14:41:14.462880,KYBER_TLS,0,50,0,26,1,360.435,
2026-04-26T14:41:14.985031,KYBER_TLS,0,50,0,27,1,421.452,
2026-04-26T14:41:15.434453,KYBER_TLS,0,50,0,28,1,347.788,
2026-04-26T14:41:16.027182,KYBER_TLS,0,50,0,29,1,491.516,
2026-04-26T14:41:16.577940,KYBER_TLS,0,50,0,30,1,438.33,
2026-04-26T14:41:17.371212,KYBER_TLS,0,50,20,1,1,406.274,
2026-04-26T14:41:17.849083,KYBER_TLS,0,50,20,2,1,368.388,
2026-04-26T14:41:18.338829,KYBER_TLS,0,50,20,3,1,387.638,
2026-04-26T14:41:18.808921,KYBER_TLS,0,50,20,4,1,367.787,
2026-04-26T14:41:19.340551,KYBER_TLS,0,50,20,5,1,413.839,
2026-04-26T14:41:19.757027,KYBER_TLS,0,50,20,6,1,292.893,
2026-04-26T14:41:20.198200,KYBER_TLS,0,50,20,7,1,328.895,
2026-04-26T14:41:20.806997,KYBER_TLS,0,50,20,8,1,496.492,
2026-04-26T14:41:21.281271,KYBER_TLS,0,50,20,9,1,373.145,
2026-04-26T14:41:21.773718,KYBER_TLS,0,50,20,10,1,372.086,
2026-04-26T14:41:22.266516,KYBER_TLS,0,50,20,11,1,391.52,
2026-04-26T14:41:22.759196,KYBER_TLS,0,50,20,12,1,382.526,
2026-04-26T14:41:23.266528,KYBER_TLS,0,50,20,13,1,406.049,
2026-04-26T14:41:23.742989,KYBER_TLS,0,50,20,14,1,369.32,
2026-04-26T14:41:24.229104,KYBER_TLS,0,50,20,15,1,382.2,
2026-04-26T14:41:24.683947,KYBER_TLS,0,50,20,16,1,352.234,
2026-04-26T14:41:25.409243,KYBER_TLS,0,50,20,17,1,596.665,
2026-04-26T14:41:26.195776,KYBER_TLS,0,50,20,18,1,670.91,
2026-04-26T14:41:26.932037,KYBER_TLS,0,50,20,19,1,634.401,
2026-04-26T14:41:27.859644,KYBER_TLS,0,50,20,20,1,825.502,
2026-04-26T14:41:28.636682,KYBER_TLS,0,50,20,21,1,675.225,
2026-04-26T14:41:29.235236,KYBER_TLS,0,50,20,22,1,495.493,
2026-04-26T14:41:29.964035,KYBER_TLS,0,50,20,23,1,626.825,
2026-04-26T14:41:30.698695,KYBER_TLS,0,50,20,24,1,633.093,
2026-04-26T14:41:31.400997,KYBER_TLS,0,50,20,25,1,601.537,
2026-04-26T14:41:31.860460,KYBER_TLS,0,50,20,26,1,297.322,
2026-04-26T14:41:32.499594,KYBER_TLS,0,50,20,27,1,537.632,
2026-04-26T14:41:33.169478,KYBER_TLS,0,50,20,28,1,553.094,
2026-04-26T14:41:33.876929,KYBER_TLS,0,50,20,29,1,569.568,
2026-04-26T14:41:34.473693,KYBER_TLS,0,50,20,30,1,496.02,
2026-04-26T14:41:35.498246,KYBER_TLS,0,50,50,1,1,379.656,
2026-04-26T14:41:36.129096,KYBER_TLS,0,50,50,2,1,416.434,
2026-04-26T14:41:36.665763,KYBER_TLS,0,50,50,3,1,429.875,
2026-04-26T14:41:37.192037,KYBER_TLS,0,50,50,4,1,424.017,
2026-04-26T14:41:37.653318,KYBER_TLS,0,50,50,5,1,355.421,
2026-04-26T14:41:38.194331,KYBER_TLS,0,50,50,6,1,359.987,
2026-04-26T14:41:38.754759,KYBER_TLS,0,50,50,7,1,458.354,
2026-04-26T14:41:39.387357,KYBER_TLS,0,50,50,8,1,531.271,
2026-04-26T14:41:40.023812,KYBER_TLS,0,50,50,9,1,499.697,
2026-04-26T14:41:40.606980,KYBER_TLS,0,50,50,10,1,481.264,
2026-04-26T14:41:41.108926,KYBER_TLS,0,50,50,11,1,395.779,
2026-04-26T14:41:41.745558,KYBER_TLS,0,50,50,12,1,535.428,
2026-04-26T14:41:42.155236,KYBER_TLS,0,50,50,13,1,308.62,
2026-04-26T14:41:42.557538,KYBER_TLS,0,50,50,14,1,257.601,
2026-04-26T14:41:43.298790,KYBER_TLS,0,50,50,15,1,607.765,
2026-04-26T14:41:43.914267,KYBER_TLS,0,50,50,16,1,511.99,
2026-04-26T14:41:44.477290,KYBER_TLS,0,50,50,17,1,381.769,
2026-04-26T14:41:45.376327,KYBER_TLS,0,50,50,18,1,796.545,
2026-04-26T14:41:45.943311,KYBER_TLS,0,50,50,19,1,462.697,
2026-04-26T14:41:46.469134,KYBER_TLS,0,50,50,20,1,421.939,
2026-04-26T14:41:47.053227,KYBER_TLS,0,50,50,21,1,443.633,
2026-04-26T14:41:47.890411,KYBER_TLS,0,50,50,22,1,710.736,
2026-04-26T14:41:48.359301,KYBER_TLS,0,50,50,23,1,346.749,
2026-04-26T14:41:48.907990,KYBER_TLS,0,50,50,24,1,444.715,
2026-04-26T14:41:49.284864,KYBER_TLS,0,50,50,25,1,269.4,
2026-04-26T14:41:49.789001,KYBER_TLS,0,50,50,26,1,341.963,
2026-04-26T14:41:50.662907,KYBER_TLS,0,50,50,27,1,707.734,
2026-04-26T14:41:51.109669,KYBER_TLS,0,50,50,28,1,311.85,
2026-04-26T14:41:51.781179,KYBER_TLS,0,50,50,29,1,489.277,
2026-04-26T14:41:52.199975,KYBER_TLS,0,50,50,30,1,313.445,
2026-04-26T14:41:53.187901,KYBER_TLS,1,50,0,1,1,600.127,
2026-04-26T14:41:53.970885,KYBER_TLS,1,50,0,2,1,682.063,
2026-04-26T14:41:54.631921,KYBER_TLS,1,50,0,3,1,557.153,
2026-04-26T14:41:55.074013,KYBER_TLS,1,50,0,4,1,335.494,
2026-04-26T14:41:55.731027,KYBER_TLS,1,50,0,5,1,551.285,
2026-04-26T14:41:56.466563,KYBER_TLS,1,50,0,6,1,634.166,
2026-04-26T14:41:57.273610,KYBER_TLS,1,50,0,7,1,705.852,
2026-04-26T14:41:57.871509,KYBER_TLS,1,50,0,8,1,467.508,
2026-04-26T14:41:58.716778,KYBER_TLS,1,50,0,9,1,665.604,
2026-04-26T14:41:59.589012,KYBER_TLS,1,50,0,10,1,771.035,
2026-04-26T14:42:00.255790,KYBER_TLS,1,50,0,11,1,461.256,
2026-04-26T14:42:00.700902,KYBER_TLS,1,50,0,12,1,343.963,
2026-04-26T14:42:01.427020,KYBER_TLS,1,50,0,13,1,607.217,
2026-04-26T14:42:02.150445,KYBER_TLS,1,50,0,14,1,620.762,
2026-04-26T14:42:02.756273,KYBER_TLS,1,50,0,15,1,503.318,
2026-04-26T14:42:03.441076,KYBER_TLS,1,50,0,16,1,459.204,
2026-04-26T14:42:04.339740,KYBER_TLS,1,50,0,17,1,783.312,
2026-04-26T14:42:05.042597,KYBER_TLS,1,50,0,18,1,602.096,
2026-04-26T14:42:05.964496,KYBER_TLS,1,50,0,19,1,772.465,
2026-04-26T14:42:06.717926,KYBER_TLS,1,50,0,20,1,651.879,
2026-04-26T14:42:07.479537,KYBER_TLS,1,50,0,21,1,660.381,
2026-04-26T14:42:08.213617,KYBER_TLS,1,50,0,22,1,612.959,
2026-04-26T14:42:08.906859,KYBER_TLS,1,50,0,23,1,590.779,
2026-04-26T14:42:09.679217,KYBER_TLS,1,50,0,24,1,669.277,
2026-04-26T14:42:10.723738,KYBER_TLS,1,50,0,25,1,943.143,
2026-04-26T14:42:11.409389,KYBER_TLS,1,50,0,26,1,581.574,
2026-04-26T14:42:12.191578,KYBER_TLS,1,50,0,27,1,677.414,
2026-04-26T14:42:12.868006,KYBER_TLS,1,50,0,28,1,558.416,
2026-04-26T14:42:13.762894,KYBER_TLS,1,50,0,29,1,776.653,
2026-04-26T14:42:14.561354,KYBER_TLS,1,50,0,30,1,696.828,
2026-04-26T14:42:15.795995,KYBER_TLS,1,50,20,1,1,606.398,
2026-04-26T14:42:16.461353,KYBER_TLS,1,50,20,2,1,562.592,
2026-04-26T14:42:16.989457,KYBER_TLS,1,50,20,3,1,426.226,
2026-04-26T14:42:17.546273,KYBER_TLS,1,50,20,4,1,451.573,
2026-04-26T14:42:18.006641,KYBER_TLS,1,50,20,5,1,346.845,
2026-04-26T14:42:18.560857,KYBER_TLS,1,50,20,6,1,452.887,
2026-04-26T14:42:19.173604,KYBER_TLS,1,50,20,7,1,488.164,
2026-04-26T14:42:19.872785,KYBER_TLS,1,50,20,8,1,559.836,
2026-04-26T14:42:20.516640,KYBER_TLS,1,50,20,9,1,525.24,
2026-04-26T14:42:21.031157,KYBER_TLS,1,50,20,10,1,393.664,
2026-04-26T14:42:21.637517,KYBER_TLS,1,50,20,11,1,429.351,
2026-04-26T14:42:22.030749,KYBER_TLS,1,50,20,12,1,290.429,
2026-04-26T14:42:22.658318,KYBER_TLS,1,50,20,13,1,522.831,
2026-04-26T14:42:23.165119,KYBER_TLS,1,50,20,14,1,404.992,
2026-04-26T14:42:23.727393,KYBER_TLS,1,50,20,15,1,406.35,
2026-04-26T14:42:24.106902,KYBER_TLS,1,50,20,16,1,277.388,
2026-04-26T14:42:24.605704,KYBER_TLS,1,50,20,17,1,344.862,
2026-04-26T14:42:25.038726,KYBER_TLS,1,50,20,18,1,332.402,
2026-04-26T14:42:25.610804,KYBER_TLS,1,50,20,19,1,450.907,
2026-04-26T14:42:26.136503,KYBER_TLS,1,50,20,20,1,411.76,
2026-04-26T14:42:26.564960,KYBER_TLS,1,50,20,21,1,320.181,
2026-04-26T14:42:27.020140,KYBER_TLS,1,50,20,22,1,352.728,
2026-04-26T14:42:27.692331,KYBER_TLS,1,50,20,23,1,501.097,
2026-04-26T14:42:28.303331,KYBER_TLS,1,50,20,24,1,402.222,
2026-04-26T14:42:28.807515,KYBER_TLS,1,50,20,25,1,340.926,
2026-04-26T14:42:29.543539,KYBER_TLS,1,50,20,26,1,633.878,
2026-04-26T14:42:30.303252,KYBER_TLS,1,50,20,27,1,627.208,
2026-04-26T14:42:30.899671,KYBER_TLS,1,50,20,28,1,461.776,
2026-04-26T14:42:31.462660,KYBER_TLS,1,50,20,29,1,452.77,
2026-04-26T14:42:32.009566,KYBER_TLS,1,50,20,30,1,445.463,
2026-04-26T14:42:33.564515,KYBER_TLS,1,50,50,1,1,855.472,
2026-04-26T14:42:34.128317,KYBER_TLS,1,50,50,2,1,462.546,
2026-04-26T14:42:34.958518,KYBER_TLS,1,50,50,3,1,727.679,
2026-04-26T14:42:35.553898,KYBER_TLS,1,50,50,4,1,483.352,
2026-04-26T14:42:36.188615,KYBER_TLS,1,50,50,5,1,531.392,
2026-04-26T14:42:36.909980,KYBER_TLS,1,50,50,6,1,618.833,
2026-04-26T14:42:37.567755,KYBER_TLS,1,50,50,7,1,520.097,
2026-04-26T14:42:38.381457,KYBER_TLS,1,50,50,8,1,686.657,
2026-04-26T14:42:38.789725,KYBER_TLS,1,50,50,9,1,304.171,
2026-04-26T14:42:39.445545,KYBER_TLS,1,50,50,10,1,554.472,
2026-04-26T14:42:40.225829,KYBER_TLS,1,50,50,11,1,650.202,
2026-04-26T14:42:40.653300,KYBER_TLS,1,50,50,12,1,326.303,
2026-04-26T14:42:41.081126,KYBER_TLS,1,50,50,13,1,318.782,
2026-04-26T14:42:41.615855,KYBER_TLS,1,50,50,14,1,376.743,
2026-04-26T14:42:42.226751,KYBER_TLS,1,50,50,15,1,500.344,
2026-04-26T14:42:42.777218,KYBER_TLS,1,50,50,16,1,441.069,
2026-04-26T14:42:43.320708,KYBER_TLS,1,50,50,17,1,422.545,
2026-04-26T14:42:44.030808,KYBER_TLS,1,50,50,18,1,573.026,
2026-04-26T14:42:44.878661,KYBER_TLS,1,50,50,19,1,745.117,
2026-04-26T14:42:45.423520,KYBER_TLS,1,50,50,20,1,435.695,
2026-04-26T14:42:46.074133,KYBER_TLS,1,50,50,21,1,502.144,
2026-04-26T14:42:46.477989,KYBER_TLS,1,50,50,22,1,294.81,
2026-04-26T14:42:47.186974,KYBER_TLS,1,50,50,23,1,595.569,
2026-04-26T14:42:47.557277,KYBER_TLS,1,50,50,24,1,259.618,
2026-04-26T14:42:48.046276,KYBER_TLS,1,50,50,25,1,383.674,
2026-04-26T14:42:48.584136,KYBER_TLS,1,50,50,26,1,425.498,
2026-04-26T14:42:49.021943,KYBER_TLS,1,50,50,27,1,336.185,
2026-04-26T14:42:49.604940,KYBER_TLS,1,50,50,28,1,479.462,
2026-04-26T14:42:50.236770,KYBER_TLS,1,50,50,29,1,529.454,
2026-04-26T14:42:51.215406,KYBER_TLS,1,50,50,30,1,877.356,
2026-04-26T14:42:53.665396,KYBER_TLS,2,50,0,1,1,2091.918,
2026-04-26T14:42:54.124417,KYBER_TLS,2,50,0,2,1,357.733,
2026-04-26T14:42:54.689150,KYBER_TLS,2,50,0,3,1,464.033,
2026-04-26T14:42:55.417355,KYBER_TLS,2,50,0,4,1,624.427,
2026-04-26T14:42:56.149130,KYBER_TLS,2,50,0,5,1,630.871,
2026-04-26T14:42:56.730024,KYBER_TLS,2,50,0,6,1,479.256,
2026-04-26T14:42:57.415692,KYBER_TLS,2,50,0,7,1,580.463,
2026-04-26T14:42:58.039805,KYBER_TLS,2,50,0,8,1,498.523,
2026-04-26T14:42:58.776614,KYBER_TLS,2,50,0,9,1,626.293,
2026-04-26T14:42:59.253564,KYBER_TLS,2,50,0,10,1,375.082,
2026-04-26T14:43:00.021241,KYBER_TLS,2,50,0,11,1,660.669,
2026-04-26T14:43:00.774517,KYBER_TLS,2,50,0,12,1,652.229,
2026-04-26T14:43:01.375588,KYBER_TLS,2,50,0,13,1,499.417,
2026-04-26T14:43:02.095822,KYBER_TLS,2,50,0,14,1,552.571,
2026-04-26T14:43:03.134522,KYBER_TLS,2,50,0,15,1,937.568,
2026-04-26T14:43:03.667969,KYBER_TLS,2,50,0,16,1,431.211,
2026-04-26T14:43:04.301651,KYBER_TLS,2,50,0,17,1,508.706,
2026-04-26T14:43:04.911662,KYBER_TLS,2,50,0,18,1,508.39,
2026-04-26T14:43:05.423716,KYBER_TLS,2,50,0,19,1,406.084,
2026-04-26T14:43:05.953896,KYBER_TLS,2,50,0,20,1,427.843,
2026-04-26T14:43:06.694971,KYBER_TLS,2,50,0,21,1,627.153,
2026-04-26T14:43:07.303861,KYBER_TLS,2,50,0,22,1,457.789,
2026-04-26T14:43:08.013726,KYBER_TLS,2,50,0,23,1,533.967,
2026-04-26T14:43:08.654393,KYBER_TLS,2,50,0,24,1,537.592,
2026-04-26T14:43:09.132258,KYBER_TLS,2,50,0,25,1,374.627,
2026-04-26T14:43:09.781475,KYBER_TLS,2,50,0,26,1,534.951,
2026-04-26T14:43:10.408418,KYBER_TLS,2,50,0,27,1,509.252,
2026-04-26T14:43:10.868540,KYBER_TLS,2,50,0,28,1,347.67,
2026-04-26T14:43:11.415835,KYBER_TLS,2,50,0,29,1,420.085,
2026-04-26T14:43:11.878439,KYBER_TLS,2,50,0,30,1,358.978,
2026-04-26T14:43:12.541733,KYBER_TLS,2,50,20,1,1,306.197,
2026-04-26T14:43:13.079321,KYBER_TLS,2,50,20,2,1,436.317,
2026-04-26T14:43:13.605580,KYBER_TLS,2,50,20,3,1,425.0,
2026-04-26T14:43:14.147963,KYBER_TLS,2,50,20,4,1,438.517,
2026-04-26T14:43:14.610555,KYBER_TLS,2,50,20,5,1,355.055,
2026-04-26T14:43:15.219532,KYBER_TLS,2,50,20,6,1,507.274,
2026-04-26T14:43:15.680052,KYBER_TLS,2,50,20,7,1,353.555,
2026-04-26T14:43:16.187963,KYBER_TLS,2,50,20,8,1,396.984,
2026-04-26T14:43:16.787533,KYBER_TLS,2,50,20,9,1,479.861,
2026-04-26T14:43:17.377671,KYBER_TLS,2,50,20,10,1,430.449,
2026-04-26T14:43:18.032785,KYBER_TLS,2,50,20,11,1,530.566,
2026-04-26T14:43:18.557632,KYBER_TLS,2,50,20,12,1,420.661,
2026-04-26T14:43:20.161400,KYBER_TLS,2,50,20,13,1,1500.311,
2026-04-26T14:43:20.572556,KYBER_TLS,2,50,20,14,1,281.058,
2026-04-26T14:43:21.054157,KYBER_TLS,2,50,20,15,1,350.853,
2026-04-26T14:43:21.613600,KYBER_TLS,2,50,20,16,1,432.699,
2026-04-26T14:43:22.184616,KYBER_TLS,2,50,20,17,1,414.296,
2026-04-26T14:43:22.685329,KYBER_TLS,2,50,20,18,1,397.715,
2026-04-26T14:43:23.154918,KYBER_TLS,2,50,20,19,1,366.801,
2026-04-26T14:43:23.601208,KYBER_TLS,2,50,20,20,1,344.705,
2026-04-26T14:43:24.084150,KYBER_TLS,2,50,20,21,1,381.095,
2026-04-26T14:43:24.500684,KYBER_TLS,2,50,20,22,1,301.808,
2026-04-26T14:43:26.075024,KYBER_TLS,2,50,20,23,1,1424.191,
2026-04-26T14:43:26.544508,KYBER_TLS,2,50,20,24,1,367.27,
2026-04-26T14:43:27.293002,KYBER_TLS,2,50,20,25,1,634.477,
2026-04-26T14:43:27.856772,KYBER_TLS,2,50,20,26,1,459.525,
2026-04-26T14:43:28.515761,KYBER_TLS,2,50,20,27,1,548.676,
2026-04-26T14:43:30.021195,KYBER_TLS,2,50,20,28,1,1404.284,
2026-04-26T14:43:30.697327,KYBER_TLS,2,50,20,29,1,563.805,
2026-04-26T14:43:31.168698,KYBER_TLS,2,50,20,30,1,352.487,
2026-04-26T14:43:32.181475,KYBER_TLS,2,50,50,1,1,528.468,
2026-04-26T14:43:32.844225,KYBER_TLS,2,50,50,2,1,415.824,
2026-04-26T14:43:33.579770,KYBER_TLS,2,50,50,3,1,633.167,
2026-04-26T14:43:34.148984,KYBER_TLS,2,50,50,4,1,468.133,
2026-04-26T14:43:34.771880,KYBER_TLS,2,50,50,5,1,521.783,
2026-04-26T14:43:35.467848,KYBER_TLS,2,50,50,6,1,592.156,
2026-04-26T14:43:36.013522,KYBER_TLS,2,50,50,7,1,444.271,
2026-04-26T14:43:36.566530,KYBER_TLS,2,50,50,8,1,451.3,
2026-04-26T14:43:37.784180,KYBER_TLS,2,50,50,9,1,1083.003,
2026-04-26T14:43:39.536297,KYBER_TLS,2,50,50,10,1,1650.864,
2026-04-26T14:43:39.961675,KYBER_TLS,2,50,50,11,1,281.98,
2026-04-26T14:43:40.603892,KYBER_TLS,2,50,50,12,1,540.513,
2026-04-26T14:43:41.322494,KYBER_TLS,2,50,50,13,1,509.459,
2026-04-26T14:43:41.926743,KYBER_TLS,2,50,50,14,1,497.138,
2026-04-26T14:43:42.875140,KYBER_TLS,2,50,50,15,1,777.561,
2026-04-26T14:43:43.586235,KYBER_TLS,2,50,50,16,1,604.36,
2026-04-26T14:43:44.278848,KYBER_TLS,2,50,50,17,1,576.784,
2026-04-26T14:43:45.068686,KYBER_TLS,2,50,50,18,1,627.851,
2026-04-26T14:43:47.427746,KYBER_TLS,2,50,50,19,1,2206.015,
2026-04-26T14:43:48.256910,KYBER_TLS,2,50,50,20,1,637.893,
2026-04-26T14:43:49.074686,KYBER_TLS,2,50,50,21,1,642.872,
2026-04-26T14:43:49.633126,KYBER_TLS,2,50,50,22,1,268.214,
2026-04-26T14:43:50.798802,KYBER_TLS,2,50,50,23,1,1046.778,
2026-04-26T14:43:51.593005,KYBER_TLS,2,50,50,24,1,655.01,
2026-04-26T14:43:52.327846,KYBER_TLS,2,50,50,25,1,559.214,
2026-04-26T14:43:53.750051,KYBER_TLS,2,50,50,26,1,1308.178,
2026-04-26T14:43:54.329829,KYBER_TLS,2,50,50,27,1,478.732,
2026-04-26T14:43:54.689537,KYBER_TLS,2,50,50,28,1,257.939,
2026-04-26T14:43:55.406568,KYBER_TLS,2,50,50,29,1,607.805,
2026-04-26T14:43:56.012755,KYBER_TLS,2,50,50,30,1,413.24,
2026-04-26T14:43:57.251117,KYBER_TLS,3,50,0,1,1,773.965,
2026-04-26T14:43:58.092772,KYBER_TLS,3,50,0,2,1,734.131,
2026-04-26T14:43:58.680405,KYBER_TLS,3,50,0,3,1,412.742,
2026-04-26T14:43:59.573088,KYBER_TLS,3,50,0,4,1,786.142,
2026-04-26T14:44:00.326588,KYBER_TLS,3,50,0,5,1,645.631,
2026-04-26T14:44:01.462904,KYBER_TLS,3,50,0,6,1,1035.494,
2026-04-26T14:44:02.208411,KYBER_TLS,3,50,0,7,1,544.378,
2026-04-26T14:44:02.671558,KYBER_TLS,3,50,0,8,1,357.512,
2026-04-26T14:44:03.308821,KYBER_TLS,3,50,0,9,1,527.81,
2026-04-26T14:44:03.825534,KYBER_TLS,3,50,0,10,1,321.596,
2026-04-26T14:44:04.264034,KYBER_TLS,3,50,0,11,1,329.461,
2026-04-26T14:44:05.830780,KYBER_TLS,3,50,0,12,1,1393.098,
2026-04-26T14:44:07.437002,KYBER_TLS,3,50,0,13,1,1504.807,
2026-04-26T14:44:07.876892,KYBER_TLS,3,50,0,14,1,337.934,
2026-04-26T14:44:08.405638,KYBER_TLS,3,50,0,15,1,395.212,
2026-04-26T14:44:09.222307,KYBER_TLS,3,50,0,16,1,698.241,
2026-04-26T14:44:09.752290,KYBER_TLS,3,50,0,17,1,388.727,
2026-04-26T14:44:10.405953,KYBER_TLS,3,50,0,18,1,540.728,
2026-04-26T14:44:11.093378,KYBER_TLS,3,50,0,19,1,583.973,
2026-04-26T14:44:11.709345,KYBER_TLS,3,50,0,20,1,443.634,
2026-04-26T14:44:12.260686,KYBER_TLS,3,50,0,21,1,377.587,
2026-04-26T14:44:12.778702,KYBER_TLS,3,50,0,22,1,376.136,
2026-04-26T14:44:14.033584,KYBER_TLS,3,50,0,23,1,1124.071,
2026-04-26T14:44:14.709131,KYBER_TLS,3,50,0,24,1,574.624,
2026-04-26T14:44:15.412378,KYBER_TLS,3,50,0,25,1,602.487,
2026-04-26T14:44:16.052878,KYBER_TLS,3,50,0,26,1,519.932,
2026-04-26T14:44:16.778061,KYBER_TLS,3,50,0,27,1,622.541,
2026-04-26T14:44:17.692699,KYBER_TLS,3,50,0,28,1,813.691,
2026-04-26T14:44:18.785643,KYBER_TLS,3,50,0,29,1,950.501,
2026-04-26T14:44:19.365507,KYBER_TLS,3,50,0,30,1,475.195,
2026-04-26T14:44:20.486878,KYBER_TLS,3,50,20,1,1,644.35,
2026-04-26T14:44:20.979159,KYBER_TLS,3,50,20,2,1,386.879,
2026-04-26T14:44:21.512562,KYBER_TLS,3,50,20,3,1,432.094,
2026-04-26T14:44:22.194632,KYBER_TLS,3,50,20,4,1,514.743,
2026-04-26T14:44:22.692618,KYBER_TLS,3,50,20,5,1,392.803,
2026-04-26T14:44:23.395239,KYBER_TLS,3,50,20,6,1,599.931,
2026-04-26T14:44:24.055237,KYBER_TLS,3,50,20,7,1,515.39,
2026-04-26T14:44:24.454629,KYBER_TLS,3,50,20,8,1,286.647,
2026-04-26T14:44:25.016676,KYBER_TLS,3,50,20,9,1,432.925,
2026-04-26T14:44:25.644782,KYBER_TLS,3,50,20,10,1,495.609,
2026-04-26T14:44:26.114871,KYBER_TLS,3,50,20,11,1,341.306,
2026-04-26T14:44:26.582143,KYBER_TLS,3,50,20,12,1,332.74,
2026-04-26T14:44:27.197749,KYBER_TLS,3,50,20,13,1,478.676,
2026-04-26T14:44:27.725253,KYBER_TLS,3,50,20,14,1,424.521,
2026-04-26T14:44:28.333062,KYBER_TLS,3,50,20,15,1,500.345,
2026-04-26T14:44:28.906360,KYBER_TLS,3,50,20,16,1,431.049,
2026-04-26T14:44:29.392374,KYBER_TLS,3,50,20,17,1,362.395,
2026-04-26T14:44:29.879730,KYBER_TLS,3,50,20,18,1,371.952,
2026-04-26T14:44:30.554847,KYBER_TLS,3,50,20,19,1,547.914,
2026-04-26T14:44:31.065440,KYBER_TLS,3,50,20,20,1,390.004,
2026-04-26T14:44:31.562034,KYBER_TLS,3,50,20,21,1,393.98,
2026-04-26T14:44:32.039013,KYBER_TLS,3,50,20,22,1,370.697,
2026-04-26T14:44:32.625853,KYBER_TLS,3,50,20,23,1,432.551,
2026-04-26T14:44:33.159497,KYBER_TLS,3,50,20,24,1,411.707,
2026-04-26T14:44:33.797583,KYBER_TLS,3,50,20,25,1,501.028,
2026-04-26T14:44:34.484484,KYBER_TLS,3,50,20,26,1,541.53,
2026-04-26T14:44:35.148882,KYBER_TLS,3,50,20,27,1,558.576,
2026-04-26T14:44:35.859086,KYBER_TLS,3,50,20,28,1,592.414,
2026-04-26T14:44:36.396185,KYBER_TLS,3,50,20,29,1,419.458,
2026-04-26T14:44:37.035610,KYBER_TLS,3,50,20,30,1,504.805,
2026-04-26T14:44:37.763500,KYBER_TLS,3,50,50,1,1,311.952,
2026-04-26T14:44:38.416514,KYBER_TLS,3,50,50,2,1,551.995,
2026-04-26T14:44:38.964916,KYBER_TLS,3,50,50,3,1,429.504,
2026-04-26T14:44:39.337548,KYBER_TLS,3,50,50,4,1,271.028,
2026-04-26T14:44:39.931980,KYBER_TLS,3,50,50,5,1,486.445,
2026-04-26T14:44:40.523381,KYBER_TLS,3,50,50,6,1,463.136,
2026-04-26T14:44:41.097772,KYBER_TLS,3,50,50,7,1,469.243,
2026-04-26T14:44:42.486519,KYBER_TLS,3,50,50,8,1,1222.791,
2026-04-26T14:44:42.992603,KYBER_TLS,3,50,50,9,1,375.134,
2026-04-26T14:44:44.669835,KYBER_TLS,3,50,50,10,1,1576.104,
2026-04-26T14:44:45.261147,KYBER_TLS,3,50,50,11,1,473.914,
2026-04-26T14:44:45.831878,KYBER_TLS,3,50,50,12,1,469.813,
2026-04-26T14:44:46.460031,KYBER_TLS,3,50,50,13,1,489.351,
2026-04-26T14:44:46.966348,KYBER_TLS,3,50,50,14,1,390.98,
2026-04-26T14:44:47.604911,KYBER_TLS,3,50,50,15,1,469.23,
2026-04-26T14:44:48.006190,KYBER_TLS,3,50,50,16,1,286.477,
2026-04-26T14:44:48.480464,KYBER_TLS,3,50,50,17,1,372.337,
2026-04-26T14:44:49.197944,KYBER_TLS,3,50,50,18,1,577.971,
2026-04-26T14:44:49.894406,KYBER_TLS,3,50,50,19,1,592.158,
2026-04-26T14:44:50.475655,KYBER_TLS,3,50,50,20,1,478.808,
2026-04-26T14:44:51.185855,KYBER_TLS,3,50,50,21,1,602.909,
2026-04-26T14:44:52.688392,KYBER_TLS,3,50,50,22,1,1393.207,
2026-04-26T14:44:53.098948,KYBER_TLS,3,50,50,23,1,290.962,
2026-04-26T14:44:53.756099,KYBER_TLS,3,50,50,24,1,538.43,
2026-04-26T14:44:54.282455,KYBER_TLS,3,50,50,25,1,398.024,
2026-04-26T14:44:54.823088,KYBER_TLS,3,50,50,26,1,390.25,
2026-04-26T14:44:55.524633,KYBER_TLS,3,50,50,27,1,589.986,
2026-04-26T14:44:57.042772,KYBER_TLS,3,50,50,28,1,1415.806,
2026-04-26T14:44:59.451298,KYBER_TLS,3,50,50,29,1,2307.658,
2026-04-26T14:44:59.961035,KYBER_TLS,3,50,50,30,1,408.23,
2026-04-26T14:45:01.833561,KYBER_TLS,5,50,0,1,1,1426.018,
2026-04-26T14:45:02.281270,KYBER_TLS,5,50,0,2,1,346.256,
2026-04-26T14:45:02.850960,KYBER_TLS,5,50,0,3,1,458.974,
2026-04-26T14:45:03.961368,KYBER_TLS,5,50,0,4,1,994.057,
2026-04-26T14:45:04.800503,KYBER_TLS,5,50,0,5,1,737.408,
2026-04-26T14:45:05.417724,KYBER_TLS,5,50,0,6,1,515.844,
2026-04-26T14:45:06.039582,KYBER_TLS,5,50,0,7,1,519.784,
2026-04-26T14:45:06.622593,KYBER_TLS,5,50,0,8,1,438.236,
2026-04-26T14:45:07.277075,KYBER_TLS,5,50,0,9,1,523.369,
2026-04-26T14:45:08.118724,KYBER_TLS,5,50,0,10,1,667.987,
2026-04-26T14:45:09.189509,KYBER_TLS,5,50,0,11,1,894.699,
2026-04-26T14:45:09.751876,KYBER_TLS,5,50,0,12,1,355.406,
2026-04-26T14:45:10.401519,KYBER_TLS,5,50,0,13,1,546.782,
2026-04-26T14:45:10.938505,KYBER_TLS,5,50,0,14,1,430.445,
2026-04-26T14:45:11.643776,KYBER_TLS,5,50,0,15,1,604.186,
2026-04-26T14:45:12.780951,KYBER_TLS,5,50,0,16,1,1035.536,
2026-04-26T14:45:13.523728,KYBER_TLS,5,50,0,17,1,638.917,
2026-04-26T14:45:13.969818,KYBER_TLS,5,50,0,18,1,344.707,
2026-04-26T14:45:14.563416,KYBER_TLS,5,50,0,19,1,485.57,
2026-04-26T14:45:15.210233,KYBER_TLS,5,50,0,20,1,498.668,
2026-04-26T14:45:16.852870,KYBER_TLS,5,50,0,21,1,1504.843,
2026-04-26T14:45:17.482516,KYBER_TLS,5,50,0,22,1,477.67,
2026-04-26T14:45:17.967383,KYBER_TLS,5,50,0,23,1,364.17,
2026-04-26T14:45:18.546676,KYBER_TLS,5,50,0,24,1,469.686,
2026-04-26T14:45:19.105108,KYBER_TLS,5,50,0,25,1,453.839,
2026-04-26T14:45:19.969241,KYBER_TLS,5,50,0,26,1,729.036,
2026-04-26T14:45:20.526001,KYBER_TLS,5,50,0,27,1,449.257,
2026-04-26T14:45:21.011800,KYBER_TLS,5,50,0,28,1,349.99,
2026-04-26T14:45:21.594716,KYBER_TLS,5,50,0,29,1,473.184,
2026-04-26T14:45:23.103692,KYBER_TLS,5,50,0,30,1,1401.203,
2026-04-26T14:45:24.023175,KYBER_TLS,5,50,20,1,1,518.759,
2026-04-26T14:45:24.472696,KYBER_TLS,5,50,20,2,1,348.459,
2026-04-26T14:45:24.915577,KYBER_TLS,5,50,20,3,1,337.462,
2026-04-26T14:45:25.363406,KYBER_TLS,5,50,20,4,1,346.68,
2026-04-26T14:45:25.968349,KYBER_TLS,5,50,20,5,1,465.848,
2026-04-26T14:45:26.826738,KYBER_TLS,5,50,20,6,1,727.695,
2026-04-26T14:45:27.327018,KYBER_TLS,5,50,20,7,1,399.256,
2026-04-26T14:45:27.917694,KYBER_TLS,5,50,20,8,1,481.095,
2026-04-26T14:45:28.509760,KYBER_TLS,5,50,20,9,1,469.609,
2026-04-26T14:45:29.058713,KYBER_TLS,5,50,20,10,1,402.633,
2026-04-26T14:45:29.732234,KYBER_TLS,5,50,20,11,1,567.161,
2026-04-26T14:45:30.533095,KYBER_TLS,5,50,20,12,1,603.223,
2026-04-26T14:45:31.559267,KYBER_TLS,5,50,20,13,1,924.383,
2026-04-26T14:45:32.243782,KYBER_TLS,5,50,20,14,1,578.384,
2026-04-26T14:45:32.832142,KYBER_TLS,5,50,20,15,1,486.654,
2026-04-26T14:45:33.726624,KYBER_TLS,5,50,20,16,1,786.863,
2026-04-26T14:45:34.637852,KYBER_TLS,5,50,20,17,1,789.427,
2026-04-26T14:45:35.182632,KYBER_TLS,5,50,20,18,1,430.444,
2026-04-26T14:45:36.214392,KYBER_TLS,5,50,20,19,1,928.937,
2026-04-26T14:45:36.940129,KYBER_TLS,5,50,20,20,1,542.413,
2026-04-26T14:45:38.772916,KYBER_TLS,5,50,20,21,1,1729.194,
2026-04-26T14:45:40.745236,KYBER_TLS,5,50,20,22,1,1861.353,
2026-04-26T14:45:41.782938,KYBER_TLS,5,50,20,23,1,932.3,
2026-04-26T14:45:42.510842,KYBER_TLS,5,50,20,24,1,609.59,
2026-04-26T14:45:43.054484,KYBER_TLS,5,50,20,25,1,406.405,
2026-04-26T14:45:43.523007,KYBER_TLS,5,50,20,26,1,347.065,
2026-04-26T14:45:44.003452,KYBER_TLS,5,50,20,27,1,371.276,
2026-04-26T14:45:44.823044,KYBER_TLS,5,50,20,28,1,713.12,
2026-04-26T14:45:45.448005,KYBER_TLS,5,50,20,29,1,497.13,
2026-04-26T14:45:46.236085,KYBER_TLS,5,50,20,30,1,643.84,
2026-04-26T14:45:47.706928,KYBER_TLS,5,50,50,1,1,791.077,
2026-04-26T14:45:48.359540,KYBER_TLS,5,50,50,2,1,541.586,
2026-04-26T14:45:49.012603,KYBER_TLS,5,50,50,3,1,537.011,
2026-04-26T14:45:49.521022,KYBER_TLS,5,50,50,4,1,407.129,
2026-04-26T14:45:49.960634,KYBER_TLS,5,50,50,5,1,272.739,
2026-04-26T14:45:50.504547,KYBER_TLS,5,50,50,6,1,418.619,
2026-04-26T14:45:51.077770,KYBER_TLS,5,50,50,7,1,467.416,
2026-04-26T14:45:51.861796,KYBER_TLS,5,50,50,8,1,681.302,
2026-04-26T14:45:52.424116,KYBER_TLS,5,50,50,9,1,423.184,
2026-04-26T14:45:54.036802,KYBER_TLS,5,50,50,10,1,1480.937,
2026-04-26T14:45:54.894379,KYBER_TLS,5,50,50,11,1,629.211,
2026-04-26T14:45:55.425913,KYBER_TLS,5,50,50,12,1,410.344,
2026-04-26T14:45:57.803882,KYBER_TLS,5,50,50,13,1,2276.856,
2026-04-26T14:45:58.581489,KYBER_TLS,5,50,50,14,1,664.52,
2026-04-26T14:46:00.131553,KYBER_TLS,5,50,50,15,1,1367.958,
2026-04-26T14:46:01.319143,KYBER_TLS,5,50,50,16,1,1054.08,
2026-04-26T14:46:02.161175,KYBER_TLS,5,50,50,17,1,618.198,
2026-04-26T14:46:03.293470,KYBER_TLS,5,50,50,18,1,1001.23,
2026-04-26T14:46:04.176508,KYBER_TLS,5,50,50,19,1,531.584,
2026-04-26T14:46:05.030154,KYBER_TLS,5,50,50,20,1,751.109,
2026-04-26T14:46:05.600948,KYBER_TLS,5,50,50,21,1,451.377,
2026-04-26T14:46:07.013124,KYBER_TLS,5,50,50,22,1,1166.133,
2026-04-26T14:46:08.081540,KYBER_TLS,5,50,50,23,1,961.109,
2026-04-26T14:46:09.260773,KYBER_TLS,5,50,50,24,1,1071.698,
2026-04-26T14:46:09.986513,KYBER_TLS,5,50,50,25,1,624.309,
2026-04-26T14:46:10.775645,KYBER_TLS,5,50,50,26,1,665.185,
2026-04-26T14:46:11.221574,KYBER_TLS,5,50,50,27,1,327.117,
2026-04-26T14:46:11.704373,KYBER_TLS,5,50,50,28,1,362.603,
2026-04-26T14:46:12.330232,KYBER_TLS,5,50,50,29,1,494.369,
2026-04-26T14:46:14.594618,KYBER_TLS,5,50,50,30,1,2161.987,
2026-04-26T14:46:16.336198,KYBER_TLS,7,50,0,1,1,1212.894,
2026-04-26T14:46:16.858595,KYBER_TLS,7,50,0,2,1,420.467,
2026-04-26T14:46:17.665877,KYBER_TLS,7,50,0,3,1,702.597,
2026-04-26T14:46:18.987015,KYBER_TLS,7,50,0,4,1,1209.532,
2026-04-26T14:46:19.597928,KYBER_TLS,7,50,0,5,1,509.348,
2026-04-26T14:46:20.430042,KYBER_TLS,7,50,0,6,1,727.48,
2026-04-26T14:46:22.107144,KYBER_TLS,7,50,0,7,1,1500.456,
2026-04-26T14:46:22.577559,KYBER_TLS,7,50,0,8,1,330.735,
2026-04-26T14:46:23.058269,KYBER_TLS,7,50,0,9,1,359.035,
2026-04-26T14:46:23.731508,KYBER_TLS,7,50,0,10,1,562.194,
2026-04-26T14:46:25.080727,KYBER_TLS,7,50,0,11,1,1193.151,
2026-04-26T14:46:25.730621,KYBER_TLS,7,50,0,12,1,511.84,
2026-04-26T14:46:26.727332,KYBER_TLS,7,50,0,13,1,856.473,
2026-04-26T14:46:27.416076,KYBER_TLS,7,50,0,14,1,571.905,
2026-04-26T14:46:28.066181,KYBER_TLS,7,50,0,15,1,541.672,
2026-04-26T14:46:28.890149,KYBER_TLS,7,50,0,16,1,639.06,
2026-04-26T14:46:30.204219,KYBER_TLS,7,50,0,17,1,1167.165,
2026-04-26T14:46:31.079500,KYBER_TLS,7,50,0,18,1,765.445,
2026-04-26T14:46:31.541610,KYBER_TLS,7,50,0,19,1,361.124,
2026-04-26T14:46:32.771951,KYBER_TLS,7,50,0,20,1,1020.193,
2026-04-26T14:46:33.429328,KYBER_TLS,7,50,0,21,1,536.805,
2026-04-26T14:46:34.044645,KYBER_TLS,7,50,0,22,1,513.782,
2026-04-26T14:46:34.633774,KYBER_TLS,7,50,0,23,1,465.042,
2026-04-26T14:46:35.481497,KYBER_TLS,7,50,0,24,1,665.25,
2026-04-26T14:46:36.426626,KYBER_TLS,7,50,0,25,1,818.605,
2026-04-26T14:46:37.670944,KYBER_TLS,7,50,0,26,1,1130.961,
2026-04-26T14:46:39.288124,KYBER_TLS,7,50,0,27,1,1456.386,
2026-04-26T14:46:39.884076,KYBER_TLS,7,50,0,28,1,492.567,
2026-04-26T14:46:40.531224,KYBER_TLS,7,50,0,29,1,539.496,
2026-04-26T14:46:40.985298,KYBER_TLS,7,50,0,30,1,347.481,
2026-04-26T14:46:42.897588,KYBER_TLS,7,50,20,1,1,1462.138,
2026-04-26T14:46:44.570726,KYBER_TLS,7,50,20,2,1,1568.867,
2026-04-26T14:46:45.501684,KYBER_TLS,7,50,20,3,1,820.893,
2026-04-26T14:46:46.440482,KYBER_TLS,7,50,20,4,1,781.076,
2026-04-26T14:46:46.961530,KYBER_TLS,7,50,20,5,1,389.056,
2026-04-26T14:46:47.796777,KYBER_TLS,7,50,20,6,1,703.892,
2026-04-26T14:46:48.306789,KYBER_TLS,7,50,20,7,1,406.714,
2026-04-26T14:46:49.213641,KYBER_TLS,7,50,20,8,1,771.944,
2026-04-26T14:46:49.830154,KYBER_TLS,7,50,20,9,1,480.173,
2026-04-26T14:46:50.339677,KYBER_TLS,7,50,20,10,1,407.68,
2026-04-26T14:46:51.068736,KYBER_TLS,7,50,20,11,1,572.08,
2026-04-26T14:46:52.796561,KYBER_TLS,7,50,20,12,1,1624.496,
2026-04-26T14:46:54.328913,KYBER_TLS,7,50,20,13,1,1430.67,
2026-04-26T14:46:54.973039,KYBER_TLS,7,50,20,14,1,542.538,
2026-04-26T14:46:55.575628,KYBER_TLS,7,50,20,15,1,500.659,
2026-04-26T14:46:56.370942,KYBER_TLS,7,50,20,16,1,694.16,
2026-04-26T14:46:57.341725,KYBER_TLS,7,50,20,17,1,862.999,
2026-04-26T14:46:57.798673,KYBER_TLS,7,50,20,18,1,355.705,
2026-04-26T14:46:58.410389,KYBER_TLS,7,50,20,19,1,508.978,
2026-04-26T14:46:59.425813,KYBER_TLS,7,50,20,20,1,912.996,
2026-04-26T14:47:00.057749,KYBER_TLS,7,50,20,21,1,511.144,
2026-04-26T14:47:00.758243,KYBER_TLS,7,50,20,22,1,524.4,
2026-04-26T14:47:03.342957,KYBER_TLS,7,50,20,23,1,2452.141,
2026-04-26T14:47:03.828486,KYBER_TLS,7,50,20,24,1,383.63,
2026-04-26T14:47:04.670833,KYBER_TLS,7,50,20,25,1,741.444,
2026-04-26T14:47:05.258014,KYBER_TLS,7,50,20,26,1,463.058,
2026-04-26T14:47:06.458208,KYBER_TLS,7,50,20,27,1,1097.494,
2026-04-26T14:47:07.061198,KYBER_TLS,7,50,20,28,1,500.517,
2026-04-26T14:47:08.523765,KYBER_TLS,7,50,20,29,1,1359.212,
2026-04-26T14:47:09.046781,KYBER_TLS,7,50,20,30,1,419.172,
2026-04-26T14:47:09.846861,KYBER_TLS,7,50,50,1,1,432.289,
2026-04-26T14:47:12.510881,KYBER_TLS,7,50,50,2,1,2523.783,
2026-04-26T14:47:13.000473,KYBER_TLS,7,50,50,3,1,388.014,
2026-04-26T14:47:13.425204,KYBER_TLS,7,50,50,4,1,309.18,
2026-04-26T14:47:14.083181,KYBER_TLS,7,50,50,5,1,529.945,
2026-04-26T14:47:14.661663,KYBER_TLS,7,50,50,6,1,450.964,
2026-04-26T14:47:15.083052,KYBER_TLS,7,50,50,7,1,316.542,
2026-04-26T14:47:15.619550,KYBER_TLS,7,50,50,8,1,434.444,
2026-04-26T14:47:16.208430,KYBER_TLS,7,50,50,9,1,486.403,
2026-04-26T14:47:16.761755,KYBER_TLS,7,50,50,10,1,449.673,
2026-04-26T14:47:17.305129,KYBER_TLS,7,50,50,11,1,440.368,
2026-04-26T14:47:18.796132,KYBER_TLS,7,50,50,12,1,1331.446,
2026-04-26T14:47:19.238288,KYBER_TLS,7,50,50,13,1,340.745,
2026-04-26T14:47:21.183711,KYBER_TLS,7,50,50,14,1,1843.875,
2026-04-26T14:47:21.706520,KYBER_TLS,7,50,50,15,1,421.804,
2026-04-26T14:47:22.251552,KYBER_TLS,7,50,50,16,1,437.575,
2026-04-26T14:47:22.644551,KYBER_TLS,7,50,50,17,1,281.701,
2026-04-26T14:47:23.205128,KYBER_TLS,7,50,50,18,1,439.255,
2026-04-26T14:47:23.728732,KYBER_TLS,7,50,50,19,1,411.034,
2026-04-26T14:47:24.168426,KYBER_TLS,7,50,50,20,1,317.506,
2026-04-26T14:47:25.056602,KYBER_TLS,7,50,50,21,1,785.127,
2026-04-26T14:47:26.233778,KYBER_TLS,7,50,50,22,1,1075.643,
2026-04-26T14:47:27.432170,KYBER_TLS,7,50,50,23,1,1096.218,
2026-04-26T14:47:28.185881,KYBER_TLS,7,50,50,24,1,652.08,
2026-04-26T14:47:29.144471,KYBER_TLS,7,50,50,25,1,855.068,
2026-04-26T14:47:29.806940,KYBER_TLS,7,50,50,26,1,556.755,
2026-04-26T14:47:30.717290,KYBER_TLS,7,50,50,27,1,808.645,
2026-04-26T14:47:31.882660,KYBER_TLS,7,50,50,28,1,1025.647,
2026-04-26T14:47:32.681599,KYBER_TLS,7,50,50,29,1,678.754,
2026-04-26T14:47:33.303699,KYBER_TLS,7,50,50,30,1,476.049,
2026-04-26T14:47:35.023465,KYBER_TLS,10,50,0,1,1,1349.59,
2026-04-26T14:47:35.740879,KYBER_TLS,10,50,0,2,1,614.393,
2026-04-26T14:47:36.661597,KYBER_TLS,10,50,0,3,1,818.954,
2026-04-26T14:47:39.052586,KYBER_TLS,10,50,0,4,1,2288.861,
2026-04-26T14:47:40.756660,KYBER_TLS,10,50,0,5,1,1532.141,
2026-04-26T14:47:41.687575,KYBER_TLS,10,50,0,6,1,794.134,
2026-04-26T14:47:43.006081,KYBER_TLS,10,50,0,7,1,1182.573,
2026-04-26T14:47:44.051823,KYBER_TLS,10,50,0,8,1,924.229,
2026-04-26T14:47:45.627914,KYBER_TLS,10,50,0,9,1,1346.407,
2026-04-26T14:47:46.189783,KYBER_TLS,10,50,0,10,1,460.226,
2026-04-26T14:47:46.881726,KYBER_TLS,10,50,0,11,1,505.484,
2026-04-26T14:47:48.462993,KYBER_TLS,10,50,0,12,1,1479.066,
2026-04-26T14:47:49.055436,KYBER_TLS,10,50,0,13,1,328.82,
2026-04-26T14:47:49.944788,KYBER_TLS,10,50,0,14,1,747.968,
2026-04-26T14:47:50.710333,KYBER_TLS,10,50,0,15,1,558.705,
2026-04-26T14:47:51.395485,KYBER_TLS,10,50,0,16,1,552.248,
2026-04-26T14:47:52.444512,KYBER_TLS,10,50,0,17,1,936.061,
2026-04-26T14:47:53.958370,KYBER_TLS,10,50,0,18,1,1303.003,
2026-04-26T14:47:56.218541,KYBER_TLS,10,50,0,19,1,2072.964,
2026-04-26T14:47:56.887464,KYBER_TLS,10,50,0,20,1,557.927,
2026-04-26T14:47:57.511756,KYBER_TLS,10,50,0,21,1,521.754,
2026-04-26T14:47:59.106961,KYBER_TLS,10,50,0,22,1,1493.355,
2026-04-26T14:47:59.964078,KYBER_TLS,10,50,0,23,1,740.499,
2026-04-26T14:48:00.806975,KYBER_TLS,10,50,0,24,1,723.744,
2026-04-26T14:48:02.763521,KYBER_TLS,10,50,0,25,1,1791.653,
2026-04-26T14:48:06.811124,KYBER_TLS,10,50,0,26,1,3946.676,
2026-04-26T14:48:07.864896,KYBER_TLS,10,50,0,27,1,891.857,
2026-04-26T14:48:08.451153,KYBER_TLS,10,50,0,28,1,476.399,
2026-04-26T14:48:09.168021,KYBER_TLS,10,50,0,29,1,611.14,
2026-04-26T14:48:10.664473,KYBER_TLS,10,50,0,30,1,1369.326,
2026-04-26T14:48:12.642973,KYBER_TLS,10,50,20,1,1,1249.077,
2026-04-26T14:48:14.032034,KYBER_TLS,10,50,20,2,1,1229.941,
2026-04-26T14:48:14.583510,KYBER_TLS,10,50,20,3,1,398.107,
2026-04-26T14:48:15.505799,KYBER_TLS,10,50,20,4,1,760.836,
2026-04-26T14:48:17.160038,KYBER_TLS,10,50,20,5,1,1541.976,
2026-04-26T14:48:18.284758,KYBER_TLS,10,50,20,6,1,972.518,
2026-04-26T14:48:19.038922,KYBER_TLS,10,50,20,7,1,627.529,
2026-04-26T14:48:19.619699,KYBER_TLS,10,50,20,8,1,429.656,
2026-04-26T14:48:20.907997,KYBER_TLS,10,50,20,9,1,1186.883,
2026-04-26T14:48:21.449657,KYBER_TLS,10,50,20,10,1,439.863,
2026-04-26T14:48:22.015616,KYBER_TLS,10,50,20,11,1,465.259,
2026-04-26T14:48:22.646000,KYBER_TLS,10,50,20,12,1,528.421,
2026-04-26T14:48:24.612931,KYBER_TLS,10,50,20,13,1,1859.981,
2026-04-26T14:48:25.134529,KYBER_TLS,10,50,20,14,1,419.946,
2026-04-26T14:48:26.344975,KYBER_TLS,10,50,20,15,1,1106.441,
2026-04-26T14:48:26.968736,KYBER_TLS,10,50,20,16,1,501.863,
2026-04-26T14:48:27.528090,KYBER_TLS,10,50,20,17,1,457.588,
2026-04-26T14:48:28.106957,KYBER_TLS,10,50,20,18,1,476.797,
2026-04-26T14:48:28.660736,KYBER_TLS,10,50,20,19,1,452.218,
2026-04-26T14:48:29.141982,KYBER_TLS,10,50,20,20,1,362.794,
2026-04-26T14:48:29.637946,KYBER_TLS,10,50,20,21,1,392.957,
2026-04-26T14:48:30.133028,KYBER_TLS,10,50,20,22,1,367.294,
2026-04-26T14:48:30.795581,KYBER_TLS,10,50,20,23,1,529.783,
2026-04-26T14:48:31.248458,KYBER_TLS,10,50,20,24,1,351.122,
2026-04-26T14:48:32.220670,KYBER_TLS,10,50,20,25,1,862.892,
2026-04-26T14:48:32.906870,KYBER_TLS,10,50,20,26,1,585.047,
2026-04-26T14:48:35.953019,KYBER_TLS,10,50,20,27,1,2915.749,
2026-04-26T14:48:38.660935,KYBER_TLS,10,50,20,28,1,2600.364,
2026-04-26T14:48:40.967524,KYBER_TLS,10,50,20,29,1,1470.614,
2026-04-26T14:48:41.512668,KYBER_TLS,10,50,20,30,1,397.184,
2026-04-26T14:48:42.413083,KYBER_TLS,10,50,50,1,1,410.956,
2026-04-26T14:48:43.111519,KYBER_TLS,10,50,50,2,1,566.011,
2026-04-26T14:48:45.762220,KYBER_TLS,10,50,50,3,1,2549.024,
2026-04-26T14:48:47.282220,KYBER_TLS,10,50,50,4,1,1418.461,
2026-04-26T14:48:51.108404,KYBER_TLS,10,50,50,5,1,3679.422,
2026-04-26T14:48:51.773052,KYBER_TLS,10,50,50,6,1,547.487,
2026-04-26T14:48:52.875087,KYBER_TLS,10,50,50,7,1,967.584,
2026-04-26T14:48:53.766496,KYBER_TLS,10,50,50,8,1,778.293,
2026-04-26T14:48:54.386070,KYBER_TLS,10,50,50,9,1,517.258,
2026-04-26T14:48:54.906031,KYBER_TLS,10,50,50,10,1,383.201,
2026-04-26T14:48:55.542597,KYBER_TLS,10,50,50,11,1,483.458,
2026-04-26T14:48:56.368827,KYBER_TLS,10,50,50,12,1,716.466,
2026-04-26T14:48:57.192258,KYBER_TLS,10,50,50,13,1,672.139,
2026-04-26T14:48:59.855500,KYBER_TLS,10,50,50,14,1,2561.449,
2026-04-26T14:49:00.858751,KYBER_TLS,10,50,50,15,1,897.908,
2026-04-26T14:49:02.351302,KYBER_TLS,10,50,50,16,1,1391.271,
2026-04-26T14:49:02.852711,KYBER_TLS,10,50,50,17,1,396.744,
2026-04-26T14:49:03.719564,KYBER_TLS,10,50,50,18,1,759.978,
2026-04-26T14:49:05.496973,KYBER_TLS,10,50,50,19,1,1675.027,
2026-04-26T14:49:05.990298,KYBER_TLS,10,50,50,20,1,391.229,
2026-04-26T14:49:06.409372,KYBER_TLS,10,50,50,21,1,310.163,
2026-04-26T14:49:06.966427,KYBER_TLS,10,50,50,22,1,451.01,
2026-04-26T14:49:07.844771,KYBER_TLS,10,50,50,23,1,773.422,
2026-04-26T14:49:08.827993,KYBER_TLS,10,50,50,24,1,879.903,
2026-04-26T14:49:09.366753,KYBER_TLS,10,50,50,25,1,425.443,
2026-04-26T14:49:10.123927,KYBER_TLS,10,50,50,26,1,633.858,
2026-04-26T14:49:11.695135,KYBER_TLS,10,50,50,27,1,1469.842,
2026-04-26T14:49:14.202425,KYBER_TLS,10,50,50,28,1,2402.643,
2026-04-26T14:49:16.022438,KYBER_TLS,10,50,50,29,1,1685.98,
2026-04-26T14:49:17.859125,KYBER_TLS,10,50,50,30,1,1734.673,
